param_id,trial_type,trial_number,count,sd_sample,mean_sample,ub_sample,lb_sample
0,animacy,2,68,30.711561340967346,2.148529411764706,2.513513150322692,1.7835456732067192
0,animacy,4,69,28.003571200830795,1.9507246376811593,2.2811055509102482,1.6203437244520702
0,animacy,6,68,26.543757319407117,1.9375,2.252952531841482,1.622047468158518
0,background,1,1044,133.32855144933868,2.345929118773946,2.7503177961246226,1.94154044142327
0,background,2,771,90.4638630963535,2.0828793774319068,2.402161069399765,1.7635976854640483
0,background,3,693,77.55023838573426,1.9476911976911977,2.2363884134778713,1.658993981904524
0,background,4,415,51.16690953711146,1.8320481927710843,2.0781933036289666,1.5859030819132023
0,background,5,346,44.13451328787817,1.7463872832369942,1.97891052433636,1.5138640421376284
0,background,6,69,17.544379816850032,1.636231884057971,1.8432172069069708,1.4292465612089713
0,identity,2,68,31.455064022054998,2.189705882352941,2.563525589397143,1.815886175308739
0,identity,4,70,24.98046605270859,1.9321428571428572,2.2247450606097554,1.639540653675959
0,identity,6,70,25.050790511741496,1.8685714285714285,2.1619973593309734,1.5751454978118837
0,number,2,69,31.241714691132195,2.2108695652173913,2.579453491762899,1.8422856386718838
0,number,4,70,25.89513264566996,1.9785714285714286,2.2818873417014434,1.6752555154414137
0,number,6,69,30.869248878386877,1.9405797101449276,2.304769354458397,1.5763900658314578
0,pose,2,68,27.217883053146085,2.1845588235294118,2.508022831173981,1.8610948158848424
0,pose,4,69,25.465559817960123,1.9478260869565218,2.2482640149697195,1.647388158943324
0,pose,6,70,18.476870320541444,1.7285714285714286,1.9449954519485408,1.5121474051943165
1,animacy,2,70,58.4707529228795,3.2864285714285715,3.9713105551155037,2.6015465877416393
1,animacy,4,20,24.80884816690249,2.9,3.443647855257717,2.356352144742283
1,animacy,6,20,35.3040925016976,2.775,3.548635037033817,2.001364962966183
1,background,1,565,166.96341389342567,3.2576106194690264,3.9459825737246326,2.5692386652134203
1,background,2,286,88.23844787965463,2.7837412587412587,3.295070841475207,2.2724116760073105
1,background,3,213,73.43396604038932,2.6661971830985918,3.1592952026961765,2.173099163501007
1,background,4,134,56.24282410368362,2.5958955223880595,3.072042241493305,2.119748803282814
1,background,5,100,43.31998444865348,2.421,2.845535847596804,1.9964641524031956
1,background,6,20,18.828799330029685,2.3925,2.805104257319159,1.9798957426808412
1,identity,2,69,49.664453029675485,2.965217391304348,3.5511493508138767,2.3792854317948193
1,identity,4,20,31.10140460527551,3.0525,3.7340395779525863,2.370960422047414
1,identity,6,20,24.952586618372223,2.55,3.0967976629526923,2.0032023370473073
1,number,2,70,42.65652291699853,2.67,3.1696461063382233,2.1703538936617766
1,number,4,19,18.15923717386945,2.5052631578947366,2.9135326007264757,2.0969937150629976
1,number,6,20,28.995054024690777,2.6225,3.257882135742777,1.9871178642572231
1,pose,2,70,48.102111782069784,3.032142857142857,3.595574454821899,2.468711259463815
1,pose,4,20,23.359039724314552,2.5575,3.069377526984316,2.0456224730156842
1,pose,6,20,28.374608738317992,2.6375,3.259286028943618,2.0157139710563823
2,animacy,2,69,20.838602842346525,1.9101449275362319,2.1559948796047914,1.6642949754676726
2,animacy,4,69,21.584290095978798,1.8369565217391304,2.0916039530317327,1.582309090446528
2,animacy,6,69,21.306287680796064,1.7782608695652173,2.0296284801824753,1.5268932589479594
2,background,1,1040,89.81628910990302,2.0371634615384617,2.3101017812860554,1.764225141790868
2,background,2,763,70.36893378547995,1.9268020969855832,2.176459689056422,1.6771445049147444
2,background,3,694,61.042306295672816,1.838472622478386,2.0655517799511314,1.611393465005641
2,background,4,417,46.03245422639622,1.800599520383693,2.0215129806124925,1.5796860601548939
2,background,5,347,42.765948087111006,1.7818443804034583,2.006832425790915,1.5568563350160014
2,background,6,70,15.428613199609286,1.66,1.8407190550055672,1.4792809449944326
2,identity,2,69,22.787057730211682,1.9659420289855072,2.2347794886337953,1.697104569337219
2,identity,4,70,20.650602132166814,1.822857142857143,2.0647426094469497,1.5809716762673365
2,identity,6,68,17.058799242002568,1.7213235294117646,1.924054489701657,1.5185925691218722
2,number,2,69,21.843582702092572,1.9275362318840579,2.1852427490120725,1.6698297147560432
2,number,4,69,18.52707833358912,1.7536231884057971,1.9722022051826449,1.5350441716289493
2,number,6,70,19.616856339168592,1.8242857142857143,2.0540626679191294,1.5945087606522992
2,pose,2,70,20.028466583445937,1.905,2.139598243363998,1.6704017566360019
2,pose,4,69,26.042525950735595,1.9297101449275362,2.23695501183012,1.6224652780249527
2,pose,6,70,20.9043561312746,1.815,2.0598577481765794,1.5701422518234205
3,animacy,2,70,44.17837646822731,2.8064285714285715,3.3239005142225237,2.2889566286346192
3,animacy,4,20,25.406588453432803,2.675,3.231746416810722,2.1182535831892775
3,animacy,6,20,15.984531996836653,2.125,2.475276501307783,1.7747234986922173
3,background,1,665,127.1030973990054,2.716766917293233,3.1997938947404854,2.233739939845981
3,background,2,388,88.4801642950792,2.5658505154639175,3.0060566934501836,2.1256443374776515
3,background,3,318,74.05206205594035,2.4580188679245283,2.864976944594389,2.0510607912546677
3,background,4,169,51.50722994728124,2.3745562130177515,2.7628414849280256,1.9862709411074775
3,background,5,100,39.36031263247684,2.3535,2.739231063798273,1.9677689362017268
3,background,6,20,16.686111464013226,2.495,2.860650539233987,2.1293494607660133
3,identity,2,69,42.419273176730705,2.5681159420289856,3.068570620117569,2.067661263940402
3,identity,4,69,34.75421216425276,2.476086956521739,2.886110673534043,2.066063239509435
3,identity,6,20,21.70811150844674,2.15,2.6256999673611174,1.6743000326388824
3,number,2,70,34.83022734410594,2.4535714285714287,2.8615462536461345,2.045596603496723
3,number,4,40,26.221475730280403,2.42375,2.8300559759007142,2.017444024099286
3,number,6,20,22.517712326545354,2.775,3.2684411275074154,2.2815588724925844
3,pose,2,68,34.7298597448181,2.538235294117647,2.950973477908695,2.1254971103265987
3,pose,4,20,21.010648929080052,2.55,3.0104161447167,2.0895838552832995
3,pose,6,20,22.09530790867028,2.3925,2.8766847825822395,1.9083152174177607
4,animacy,2,70,14.45628619412039,1.6371428571428572,1.8064728122134546,1.46781290207226
4,animacy,4,70,13.060889789951645,1.562142857142857,1.7151281987179312,1.409157515567783
4,animacy,6,67,10.480056247338009,1.4432835820895522,1.568757161648443,1.3178100025306614
4,background,1,1042,68.04317514792005,1.7490403071017275,1.9556148438096248,1.5424657703938303
4,background,2,763,50.86499157987793,1.645478374836173,1.8259391355071855,1.4650176141651605
4,background,3,693,42.4188699320926,1.5537518037518037,1.7116650468459078,1.3958385606576995
4,background,4,414,30.389575775082378,1.4958937198067632,1.6422632041072869,1.3495242355062396
4,background,5,345,26.469396429998568,1.4665217391304348,1.6061780502943144,1.3268654279665553
4,background,6,69,10.407992879968436,1.4130434782608696,1.5358350382338997,1.2902519182878396
4,identity,2,70,15.164970022702772,1.5992857142857142,1.7769166533878757,1.4216547751835527
4,identity,4,70,12.574619383169374,1.4542857142857144,1.6015752537006118,1.306996174870817
4,identity,6,70,12.786814755010232,1.5007142857142857,1.65048932052527,1.3509392509033014
4,number,2,69,13.605242797500798,1.5934782608695652,1.753990379409948,1.4329661423291824
4,number,4,69,13.337422618529532,1.5442028985507246,1.7015553245406414,1.3868504725608077
4,number,6,69,10.969335248294387,1.4246376811594204,1.5540518537610928,1.295223508557748
4,pose,2,70,15.031195631261777,1.5914285714285714,1.7674925789282363,1.4153645639289065
4,pose,4,70,13.103936732705055,1.515,1.6684895607628019,1.361510439237198
4,pose,6,70,10.84859923046095,1.435,1.5620722504802103,1.3079277495197899
5,animacy,2,69,27.941574382045268,2.2043478260869565,2.5339973124040718,1.8746983397698411
5,animacy,4,69,24.000438592483658,2.03768115942029,2.3208338603103886,1.7545284585301912
5,animacy,6,70,21.061438947192467,1.92,2.166697696957654,1.673302303042346
5,background,1,1038,119.90264691341099,2.3755780346820807,2.7402951711674404,2.010860898196721
5,background,2,760,93.68442267864802,2.2248026315789473,2.557835167506219,1.8917700956516756
5,background,3,691,81.68846468846073,2.114905933429812,2.4194483472806705,1.8103635195789534
5,background,4,418,61.382815184707844,2.0742822966507175,2.3685107963713374,1.7800537969300976
5,background,5,349,50.9670946478422,1.9588825214899714,2.226246712184973,1.69151833079497
5,background,6,69,20.167783063197863,1.8659420289855073,2.103877774338864,1.6280062836321507
5,identity,2,70,29.86465081699521,2.2464285714285714,2.596240405058265,1.8966167377988778
5,identity,4,68,23.67032341406251,1.9985294117647059,2.279833349282754,1.717225474246658
5,identity,6,70,23.149229838274604,1.995,2.2661524935102797,1.7238475064897207
5,number,2,70,32.09021001719011,2.3207142857142857,2.6965946292168144,1.944833942211757
5,number,4,67,25.755939529604266,2.0686567164179106,2.377022420896133,1.7602910119396882
5,number,6,70,25.395503124517308,2.0028571428571427,2.3003207753092108,1.7053935104050748
5,pose,2,69,28.825929482435008,2.216666666666667,2.5567496096165168,1.8765837237168168
5,pose,4,69,23.30010164875049,1.943478260869565,2.2183685170386216,1.6685880047005084
5,pose,6,70,19.804704385308902,1.8557142857142856,2.087691548665455,1.6237370227631167
6,animacy,2,68,36.78507992737216,2.3132352941176473,2.7503982193752843,1.8760723688600103
6,animacy,4,69,41.77565395248642,2.07536231884058,2.5682236972906045,1.5825009403905554
6,animacy,6,30,14.977702725964633,1.7933333333333334,2.0613184376588367,1.5253482290078302
6,background,1,1003,142.22124165871767,2.3654536390827516,2.8055421948003363,1.9253650833651668
6,background,2,726,93.91708269027862,2.0794077134986226,2.4209955197221347,1.7378199072751106
6,background,3,656,73.34523627482923,1.8926067073170731,2.173244443225467,1.6119689714086791
6,background,4,378,55.479678593536434,1.8322751322751323,2.1119246741606914,1.5526255903895732
6,background,5,309,42.08140607016483,1.7425566343042072,1.9771615342317346,1.5079517343766797
6,background,6,69,18.55993137464627,1.7181159420289855,1.9370825528604978,1.4991493311974733
6,identity,2,70,33.78149602495737,2.262857142857143,2.658547925905565,1.8671663598087205
6,identity,4,70,21.255897014587195,1.785,2.0339754310432214,1.5360245689567784
6,identity,6,70,29.65090750364099,1.885,2.2323082068225797,1.5376917931774203
6,number,2,69,31.337425078112528,2.1543478260869566,2.524060925937872,1.7846347262360411
6,number,4,70,25.465404809373503,1.975,2.27328240768916,1.6767175923108404
6,number,6,70,22.207988131348262,1.79,2.0501275031493917,1.5298724968506083
6,pose,2,70,29.6977316163692,2.052142857142857,2.399999526053003,1.7042861882327107
6,pose,4,69,27.54326739781191,2.027536231884058,2.3524865666446524,1.7025858971234642
6,pose,6,70,25.943004330343285,1.8478571428571429,2.151733788536724,1.5439804971775617
7,animacy,2,69,58.11386282662321,3.1159420289855073,3.801558550329763,2.4303255076412515
7,animacy,4,70,50.20303513575753,2.9564285714285714,3.5444687893514075,2.3683883535057353
7,animacy,6,70,46.252624392113084,2.527142857142857,3.0689109644593207,1.9853747498263936
7,background,1,1043,252.3346983670696,3.3261744966442954,4.09187846102859,2.5604705322600005
7,background,2,768,174.80858704669845,2.877734375,3.4959048068269256,2.2595639431730747
7,background,3,699,156.6933394614428,2.650572246065808,3.2313875140287234,2.069756978102893
7,background,4,420,101.06568994575026,2.432857142857143,2.9161442123913353,1.9495700733229504
7,background,5,350,82.3353061060621,2.3087142857142857,2.740012994511943,1.8774155769166285
7,background,6,70,33.97487461732799,2.277857142857143,2.6758130158407005,1.8799012698735857
7,identity,2,69,57.109083064089305,3.1884057971014492,3.862168114095861,2.5146434801070376
7,identity,4,69,42.93967616871003,2.6869565217391305,3.19355081732522,2.180362226153041
7,identity,6,70,36.614564257812404,2.342857142857143,2.771732335105792,1.9139819506084939
7,number,2,68,58.11021741846311,3.1404411764705884,3.831037273697212,2.449845079243965
7,number,4,70,53.83217097218862,2.8664285714285715,3.4969777297442666,2.2358794131128765
7,number,6,70,42.59821468954823,2.4292857142857143,2.9282488423401776,1.930322586231251
7,pose,2,69,63.57337244641444,3.1333333333333333,3.883360131532425,2.3833065351342415
7,pose,4,70,59.466111534660065,3.0664285714285713,3.762969429791109,2.3698877130660336
7,pose,6,70,32.34306238145248,2.1814285714285715,2.5602706354522016,1.8025865074049414
8,animacy,2,20,10.160164731362432,1.7625,1.9851444262188385,1.5398555737811614
8,animacy,4,20,16.29465524255374,1.755,2.11207237656428,1.3979276234357196
8,animacy,6,20,14.007892512136825,1.9949999999999999,2.3019614788107527,1.688038521189247
8,background,1,318,54.929284683031085,2.077987421383648,2.379854991669145,1.7761198510981506
8,background,2,239,41.692893500224386,1.9110878661087867,2.1753829966157436,1.6467927356018295
8,background,3,199,37.49807012577974,1.8376884422110553,2.0981888781463036,1.577188006275807
8,background,4,120,25.830418624478185,1.76,1.991082414856995,1.528917585143005
8,background,5,100,22.728952091064265,1.711,1.9337437304924299,1.4882562695075703
8,background,6,20,9.596874491208062,1.685,1.8953007845919745,1.4746992154080256
8,identity,2,19,13.307595773210046,2.181578947368421,2.4807701887040703,1.8823877060327718
8,identity,4,19,16.01200207738919,2.0842105263157893,2.444204236633267,1.7242168159983118
8,identity,6,20,10.62643179207296,1.775,2.0078619536843325,1.5421380463156675
8,number,2,20,11.301257498731351,1.8325,2.080149723984247,1.584850276015753
8,number,4,20,11.979258390190411,1.9475,2.2100070735889044,1.6849929264110954
8,number,6,20,18.262414667115742,1.855,2.255192806163808,1.4548071938361922
8,pose,2,20,12.012055348033098,1.975,2.2382257686153806,1.7117742313846196
8,pose,4,20,11.369164205729552,1.7,1.949137795311413,1.4508622046885868
8,pose,6,20,10.348404402815467,1.77,1.9967694098928643,1.5432305901071357
9,animacy,2,70,39.913623844760735,2.6807142857142856,3.148232155904686,2.213196415523885
9,animacy,4,70,39.37648911135733,2.5664285714285713,3.0276548533747487,2.105202289482394
9,animacy,6,70,34.83268277743883,2.3128571428571427,2.720860729012693,1.9048535567015925
9,background,1,1047,174.38004472989448,2.8226361031518623,3.3507766606927314,2.2944955456109932
9,background,2,769,128.01218075266365,2.560403120936281,3.0127943766707457,2.1080118652018163
9,background,3,699,112.21773947389771,2.4061516452074394,2.8221091877982185,1.9901941026166603
9,background,4,420,82.17518193661508,2.323452380952381,2.716406734580239,1.930498027324523
9,background,5,350,73.27615394411816,2.2528571428571427,2.6367011106082945,1.8690131751059909
9,background,6,70,34.81983705636169,2.302857142857143,2.7107102639939717,1.8950040217203143
9,identity,2,69,36.171302960976355,2.5159420289855072,2.9426843190752403,2.089199738895774
9,identity,4,70,36.22168585689779,2.3714285714285714,2.7957018845305464,1.9471552583265967
9,identity,6,70,52.742123382997846,2.487142857142857,3.1049240260300115,1.8693616882557027
9,number,2,70,34.61650807893464,2.5064285714285712,2.91190005137831,2.1009570914788323
9,number,4,69,35.65034878400284,2.363768115942029,2.784364285756434,1.9431719461276242
9,number,6,70,40.47842180197923,2.6278571428571427,3.101990627281763,2.1537236584325226
9,pose,2,69,44.37463120676996,2.678985507246377,3.20250913489933,2.1554618795934237
9,pose,4,70,37.09688595244109,2.3885714285714283,2.8230961707656412,1.9540466863772152
9,pose,6,70,33.806181309589554,2.2528571428571427,2.6488370705781,1.8568772151361852
10,animacy,2,69,15.508656326472375,1.5833333333333333,1.7663015698968194,1.400365096769847
10,animacy,4,70,14.562117399536879,1.572142857142857,1.7427124385613009,1.4015732757244133
10,animacy,6,70,12.550843964073744,1.5021428571428572,1.649153909358955,1.3551318049267596
10,background,1,1041,69.27318156552741,1.7855907780979827,1.9960005207690639,1.5751810354269016
10,background,2,764,52.315917875517535,1.674803664921466,1.8602905660951787,1.4893167637477531
10,background,3,691,43.339358555474725,1.5811866859623733,1.7427599621840353,1.4196134097407114
10,background,4,415,31.73575105046109,1.5320481927710843,1.6847171741722011,1.3793792113699674
10,background,5,345,26.373182152370337,1.4856521739130435,1.6248008448241356,1.3465035030019514
10,background,6,67,10.462715758952433,1.4373134328358208,1.5625794015672803,1.3120474641043613
10,identity,2,70,14.965574531324602,1.64,1.81529537178266,1.4647046282173397
10,identity,4,69,12.147341056249392,1.5144927536231885,1.6578048191696648,1.3711806880767121
10,identity,6,70,11.678703064260084,1.4321428571428572,1.5689383133616412,1.295347400924073
10,number,2,69,16.201608107319405,1.7181159420289855,1.9092594945383596,1.5269723895196115
10,number,4,68,14.401937004225655,1.5544117647058824,1.7255679215655166,1.3832556078462481
10,number,6,70,11.91924582566496,1.5057142857142858,1.645327277117024,1.3661012943115476
10,pose,2,69,16.274778679067545,1.7159420289855072,1.9079488342615474,1.523935223709467
10,pose,4,69,13.556315288843289,1.5710144927536231,1.7309493736668344,1.4110796118404119
10,pose,6,68,11.217115681427481,1.4595588235294117,1.592865781511505,1.3262518655473183
11,animacy,2,68,25.509698877919064,2.147794117647059,2.4509576449774513,1.8446305903166667
11,animacy,4,70,22.548602477408895,1.9292857142857143,2.1934029151444876,1.665168513426941
11,animacy,6,20,9.734366683911292,1.775,1.9883137151067214,1.5616862848932784
11,background,1,891,113.18841999538924,2.360998877665544,2.7326104426585838,1.9893873126725043
11,background,2,614,83.30541462151879,2.2061074918566774,2.535576918697836,1.8766380650155192
11,background,3,542,70.38454525338867,2.0800738007380075,2.3763547595665853,1.7837928419094298
11,background,4,266,47.63904855649849,2.0402255639097744,2.3264774366128864,1.7539736912066621
11,background,5,196,35.896048748984526,1.903061224489796,2.1543335657326876,1.6517888832469043
11,background,6,70,18.694919095839918,1.8385714285714285,2.057549509666318,1.619593347476539
11,identity,2,70,25.658331980080078,2.0707142857142857,2.3712564957281206,1.7701720757004509
11,identity,4,67,27.37646895842448,2.1395522388059702,2.467319902912629,1.8117845746993113
11,identity,6,66,22.535527506583907,1.9204545454545454,2.192299850172081,1.64860924073701
11,number,2,70,26.113819692786585,2.1557142857142857,2.4615917327933063,1.8498368386352653
11,number,4,70,23.944398312054446,2.052142857142857,2.33260935012234,1.771676364163374
11,number,6,20,9.305205108178065,1.8175,2.0214092974313513,1.6135907025686484
11,pose,2,69,26.347875176487943,2.1289855072463766,2.439832827398025,1.818138187094728
11,pose,4,69,24.685122303887713,1.958695652173913,2.24992612386776,1.667465180480066
11,pose,6,20,11.713802025590873,1.9475,2.20419000452112,1.69080999547888
12,animacy,2,70,27.166058544479824,1.82,2.1382025736771104,1.5017974263228897
12,animacy,4,69,23.736824600296966,1.7797101449275363,2.0597527770748307,1.4996675127802421
12,animacy,6,69,27.029418670852145,1.6782608695652175,1.9971489128253068,1.3593728263051281
12,background,1,1048,123.6745836119085,1.9602576335877862,2.3346490569091127,1.5858662102664594
12,background,2,771,83.14984887792072,1.7245784695201039,2.0180461982676325,1.431110740772575
12,background,3,696,72.29897720758682,1.6272988505747126,1.8958664451264664,1.3587312560229587
12,background,4,418,46.180082286630885,1.5370813397129186,1.7584380221538245,1.3157246572720127
12,background,5,349,39.131862102115036,1.4783667621776504,1.6836454564726828,1.273088067882618
12,background,6,70,16.12647382085547,1.4457142857142857,1.6346075499222978,1.2568210215062736
12,identity,2,69,32.723924935097486,1.9471014492753624,2.333172215998748,1.5610306825519766
12,identity,4,69,35.51196981300812,1.9101449275362319,2.3291085280443484,1.4911813270281153
12,identity,6,70,20.713776244707034,1.5892857142857144,1.8319111544409592,1.3466602741304696
12,number,2,69,27.376661208908736,1.7891304347826087,2.112115180781516,1.4661456887837014
12,number,4,70,21.22145141124895,1.5635714285714286,1.8121433899830086,1.3149994671598486
12,number,6,70,13.870168670472916,1.4092857142857143,1.5717503339158938,1.2468210946555347
12,pose,2,69,23.08890141217318,1.6731884057971014,1.945586960942235,1.4007898506519678
12,pose,4,70,29.886451780029024,1.7342857142857142,2.0843529078357523,1.3842185207356759
12,pose,6,70,15.484797298267132,1.4314285714285715,1.612805724286773,1.25005141857037
13,animacy,2,69,37.719707260124295,2.1717391304347826,2.616749205827026,1.7267290550425392
13,animacy,4,59,39.97472885922331,2.325423728813559,2.8354418376732866,1.8154056199538315
13,animacy,6,10,9.213833992541067,2.08,2.365539673711304,1.7944603262886962
13,background,1,837,178.71257429326656,2.543727598566308,3.149094200724238,1.9383609964083783
13,background,2,562,110.09824560005725,2.1723309608540924,2.627463951201327,1.7171979705068576
13,background,3,489,89.52107955230726,2.0219836400817996,2.4187153891286264,1.625251891034973
13,background,4,251,56.71447415737334,1.9318725099601595,2.282691524855296,1.5810534950650228
13,background,5,181,47.015395015048554,1.8861878453038674,2.2286612707060685,1.5437144199016664
13,background,6,60,25.08590503806764,1.8825,2.1998804886274574,1.565119511372543
13,identity,2,69,48.851251128728585,2.413768115942029,2.9901060710030642,1.8374301608809938
13,identity,4,60,40.52741112668781,2.2625,2.7752424953046395,1.7497575046953608
13,identity,6,57,28.58804498019187,1.8956140350877193,2.266698782982371,1.524529287193068
13,number,2,69,40.170033345111484,2.373913043478261,2.847831609286295,1.8999944776702269
13,number,4,59,40.07469998574373,1.973728813559322,2.485022405363989,1.4624352217546552
13,number,6,44,24.154600738619244,1.9079545454545455,2.264815966630112,1.5510931242789792
13,pose,2,68,44.04253327003461,2.3477941176470587,2.871206401053794,1.8243818342403233
13,pose,4,60,27.35069517061293,1.8875,2.2335340372163994,1.5414659627836003
13,pose,6,10,16.06409857906427,2.105,2.6028315726597118,1.607168427340288
14,animacy,2,70,28.41191373535516,1.99,2.3227955749958857,1.6572044250041145
14,animacy,4,69,22.624276667704585,1.8014492753623188,2.0683662743771465,1.534532276347491
14,animacy,6,68,24.895729923443753,1.8095588235294118,2.105425792997602,1.5136918540612214
14,background,1,1039,121.77522434041292,2.0959576515880656,2.4661924538474045,1.7257228493287264
14,background,2,765,78.68951311124127,1.8337908496732027,2.1126033340507653,1.5549783652956404
14,background,3,691,65.40609982820288,1.6992764109985528,1.9431166104467483,1.4554362115503572
14,background,4,413,49.25390713863269,1.645278450363196,1.8827938303995029,1.4077630703268893
14,background,5,344,42.5395790937532,1.5936046511627906,1.818375529607525,1.3688337727180562
14,background,6,70,16.492502283733277,1.5164285714285715,1.7096092150050737,1.3232479278520692
14,identity,2,68,21.893221734014773,1.7404411764705883,2.000625601119185,1.4802567518219916
14,identity,4,69,19.97788250725497,1.653623188405797,1.8893185223971463,1.4179278544144478
14,identity,6,67,20.386979849119903,1.6574626865671642,1.901547954593641,1.4133774185406875
14,number,2,66,26.551390091471173,1.934090909090909,2.2543794280963496,1.6138023900854683
14,number,4,70,29.312517534502668,1.8364285714285715,2.1797731352033374,1.4930840076538057
14,number,6,70,23.50800535539912,1.727142857142857,2.002497774524617,1.4517879397610973
14,pose,2,70,27.116997970781508,1.997142857142857,2.3147707725274764,1.6795149417582378
14,pose,4,70,18.980946124718695,1.6464285714285714,1.8687569558654573,1.4241001869916854
14,pose,6,69,20.34905920494399,1.53768115942029,1.7777555669045306,1.2976067519360492
15,animacy,2,70,35.641120544733305,2.302857142857143,2.7203301549063936,1.8853841308078925
15,animacy,4,68,38.13000614242086,2.297794117647059,2.7509404763942307,1.844647758899887
15,animacy,6,70,29.21436200515803,1.8614285714285714,2.203623415894334,1.519233726962809
15,background,1,1038,207.49684842248365,2.8344894026974954,3.4656485833704327,2.203330222024558
15,background,2,760,133.26130839740946,2.429671052631579,2.9033928327060203,1.9559492725571377
15,background,3,691,111.88819607560322,2.2240231548480462,2.641153057389791,1.8068932523063015
15,background,4,417,80.53165444979416,2.1640287769784172,2.5505066813490354,1.7775508726077993
15,background,5,348,74.6948000726606,2.0754310344827585,2.4678290685637605,1.6830330004017564
15,background,6,70,31.328144400505874,2.0485714285714285,2.4155255143268968,1.6816173428159602
15,identity,2,70,50.08836927712965,2.790714285714286,3.3774113948726123,2.2040171765559595
15,identity,4,69,26.808826119297667,1.9746376811594202,2.2909232146141907,1.6583521477046494
15,identity,6,70,40.72064651539289,2.232142857142857,2.7091135778596036,1.7551721364261106
15,number,2,69,51.24217526916465,2.7311594202898553,3.3357050526972465,2.126613787882464
15,number,4,69,36.32626279182945,2.229710144927536,2.658280622217534,1.8011396676375382
15,number,6,68,38.651581298080224,2.224264705882353,2.6836095918922065,1.7649198198724991
15,pose,2,69,42.967582639645165,2.468840579710145,2.975764110638628,1.961917048781662
15,pose,4,68,29.175241847191348,2.1176470588235294,2.4643727991562714,1.7709213184907877
15,pose,6,70,39.43208685428924,2.112857142857143,2.5747346545303933,1.6509796311838927
16,animacy,2,68,18.979559642165736,1.8360294117647058,2.06158716044033,1.6104716630890814
16,animacy,4,70,17.13253291870546,1.6621428571428571,1.8628203333918976,1.4614653808938167
16,animacy,6,69,14.810824633213015,1.5978260869565217,1.7725614352770829,1.4230907386359606
16,background,1,1040,85.59202496051898,1.9507692307692308,2.2108706411930372,1.6906678203454244
16,background,2,764,60.017300137455976,1.769044502617801,1.981836774480416,1.556252230755186
16,background,3,695,52.599129470482985,1.6828776978417266,1.8784071709215222,1.487348224761931
16,background,4,418,37.955618126549076,1.619976076555024,1.8019101332407375,1.4380420198693105
16,background,5,348,32.746434116838145,1.5929597701149425,1.7649882963056633,1.4209312439242217
16,background,6,70,13.672196142844829,1.5535714285714286,1.7137171483985516,1.3934257087443056
16,identity,2,70,19.616990487571574,1.8457142857142856,2.07549281066019,1.6159357607683809
16,identity,4,70,15.733554488484325,1.627857142857143,1.8121480484784915,1.4435662372357942
16,identity,6,70,15.515272611543967,1.6335714285714285,1.8153055460994376,1.4518373110434193
16,number,2,69,18.804604699241537,1.7833333333333334,2.0051865544419014,1.5614801122247655
16,number,4,70,15.849041146490784,1.6064285714285713,1.7920722000348481,1.4207849428222945
16,number,6,70,14.984553450312196,1.5985714285714285,1.7740891049941812,1.423053752148676
16,pose,2,69,21.77764425904887,1.867391304347826,2.1243198920155786,1.6104627166800738
16,pose,4,67,15.449152591306543,1.6559701492537313,1.8409367592635892,1.4710035392438734
16,pose,6,69,14.034918858633315,1.5072463768115942,1.6728277334306343,1.3416650201925542
17,animacy,2,70,32.25441626228961,2.435714285714286,2.813518016436163,2.057910554992409
17,animacy,4,70,27.18905546064639,2.095,2.413471942083972,1.7765280579160283
17,animacy,6,70,31.392716218558522,2.2521428571428572,2.6198532881243994,1.884432426161315
17,background,1,1046,145.96171992755677,2.573470363288719,3.0157523030166713,2.1311884235607668
17,background,2,767,107.38603506190081,2.3198826597131683,2.699876188949808,1.9398891304765287
17,background,3,697,92.3644668519345,2.1836441893830703,2.5265024474933586,1.8407859312727817
17,background,4,417,64.74766811488881,2.083093525179856,2.393822806192292,1.7723642441674197
17,background,5,348,56.03326079918492,2.0054597701149426,2.2998221803410854,1.7110973598887997
17,background,6,69,24.78274017388545,1.9666666666666666,2.2590488157950106,1.6742845175383225
17,identity,2,69,32.0418312112217,2.291304347826087,2.6693278999358157,1.9132807957163582
17,identity,4,70,29.020364900313854,2.1392857142857142,2.4792082240310664,1.7993632045403622
17,identity,6,70,27.289433081226456,2.0221428571428572,2.3417905464246003,1.702495167861114
17,number,2,70,31.446654913729024,2.3978571428571427,2.766199370740541,2.0295149149737446
17,number,4,70,32.570571153468556,2.1714285714285713,2.5529355003854453,1.7899216424716973
17,number,6,70,27.517267306184312,2.0614285714285714,2.383744937752095,1.7391122051050476
17,pose,2,70,33.44559604397629,2.4978571428571428,2.8896134486875593,2.1061008370267262
17,pose,4,70,26.74248541769799,2.045,2.3582411598282165,1.7317588401717834
17,pose,6,69,25.002789318078303,1.9543478260869565,2.2493260740018566,1.6593695781720563
18,animacy,2,70,29.95645963200943,2.0585714285714287,2.4094586409196044,1.707684216223253
18,animacy,4,70,25.357444666211933,1.9328571428571428,2.229874987438912,1.6358392982753736
18,animacy,6,59,19.962332950887912,1.8728813559322033,2.127571045908449,1.6181916659559574
18,background,1,1033,109.92286769414845,2.1297192642787994,2.4648883577688725,1.7945501707887264
18,background,2,754,82.52076293751453,2.002188328912467,2.2967007645027104,1.7076758933222236
18,background,3,686,69.10750587614237,1.882798833819242,2.1413754436622336,1.6242222239762505
18,background,4,407,49.17549132818523,1.8219901719901719,2.0608689555699122,1.5831113884104315
18,background,5,339,43.12719864723299,1.7777286135693215,2.0072787080202796,1.5481785191183635
18,background,6,70,19.440597781582312,1.7285714285714286,1.9562838233523059,1.5008590337905514
18,identity,2,70,30.43720887680942,2.055,2.4115183438109242,1.698481656189076
18,identity,4,70,25.427450976413166,1.9578571428571427,2.255694988177819,1.6600192975364663
18,identity,6,70,26.388743613019628,1.875,2.184097697040579,1.5659023029594212
18,number,2,69,22.156678926514044,1.905072463768116,2.166472831791472,1.64367209574476
18,number,4,69,24.640093557580414,1.8963768115942028,2.1870760425323663,1.6056775806560393
18,number,6,70,32.969882588428135,2.027857142857143,2.414041302634778,1.6416729830795083
18,pose,2,70,29.25635333609293,2.079285714285714,2.4219724133042355,1.736599015267193
18,pose,4,70,20.92700345687864,1.7421428571428572,1.987265878888008,1.4970198353977064
18,pose,6,70,19.45582039823613,1.7378571428571428,1.965747843805969,1.5099664419083165
19,animacy,2,70,45.61769047431628,2.7542857142857144,3.28861668800302,2.219954740568409
19,animacy,4,20,25.42646776801478,2.925,3.4821820414984863,2.3678179585015133
19,animacy,6,20,19.462852606412746,2.4175,2.843998562347179,1.991001437652821
19,background,1,678,157.166999683374,2.950663716814159,3.5421880182398455,2.359139415388473
19,background,2,400,108.0913843394609,2.75175,3.2813977832633583,2.2221022167366415
19,background,3,330,93.31030574322826,2.660151515151515,3.163534716278682,2.1567683140243483
19,background,4,169,68.34496477814818,2.564792899408284,3.0800087877358626,2.0495770110807054
19,background,5,100,45.00105261926776,2.414,2.855010315668824,1.972989684331176
19,background,6,20,18.233572274645933,2.505,2.904560769371885,2.105439230628115
19,identity,2,70,52.886397614429924,2.9164285714285714,3.5358996590679,2.296957483789243
19,identity,4,70,33.51967215013642,2.414285714285714,2.806909691353367,2.021661737218061
19,identity,6,20,50.97329021938326,2.5375,3.654501471280188,1.420498528719812
19,number,2,69,42.399416579898705,2.6536231884057973,3.1538436020661784,2.153402774745416
19,number,4,52,31.32217979912032,2.5096153846153846,2.9352886569943464,2.083942112236423
19,number,6,20,32.03242600536952,2.6575,3.3594414839159357,1.9555585160840647
19,pose,2,69,42.39935451345804,2.698550724637681,3.198770406049764,2.198331043225598
19,pose,4,19,14.70168268206774,2.2289473684210526,2.559481505941645,1.89841323090046
19,pose,6,20,22.295031308626402,2.31,2.7985614145524322,1.8214385854475679
20,animacy,2,62,20.742658815514517,1.820967741935484,2.0791311317168963,1.5628043521540713
20,animacy,4,20,9.112599721496085,1.7725,1.9721886458043068,1.5728113541956932
20,animacy,6,20,9.460861204818624,1.6824999999999999,1.889820262040717,1.4751797379592828
20,background,1,541,56.65433044255961,1.8688539741219963,2.1075584456146244,1.630149502629368
20,background,2,269,36.2815742709567,1.782899628252788,1.9996880375377704,1.5661112189678057
20,background,3,199,28.56106108894268,1.6987437185929648,1.8971584327232194,1.5003290044627102
20,background,4,119,19.796065531471545,1.6470588235294117,1.8248996540231768,1.4692179930356466
20,background,5,99,18.44700803011583,1.6196969696969696,1.8013883880538057,1.4380055513401335
20,background,6,19,9.408702578492228,1.6973684210526316,1.9089018529204664,1.4858349891847968
20,identity,2,70,20.588959739576325,1.88,2.121163434428321,1.6388365655716788
20,identity,4,20,9.824244982373159,1.61,1.8252832601603366,1.3947167398396636
20,identity,6,20,8.845903006477066,1.7175,1.9113443963595542,1.5236556036404458
20,number,2,70,24.159611795417227,1.935,2.2179873402412946,1.6520126597587057
20,number,4,20,9.825852045550688,1.735,1.9503184764849257,1.5196815235150745
20,number,6,20,9.141288634253753,1.635,1.8353173193237484,1.4346826806762516
20,pose,2,70,21.429443591273643,1.8085714285714285,2.059579652383025,1.5575632047598318
20,pose,4,20,11.4442585007321,1.8225,2.073283371605225,1.5717166283947754
20,pose,6,20,6.9926653302623185,1.5474999999999999,1.700733535219251,1.3942664647807488
21,animacy,2,70,36.025027849801134,2.512142857142857,2.934112667736733,2.090173046548981
21,animacy,4,20,17.16184568653445,2.2825,2.6585755250296352,1.906424474970365
21,animacy,6,20,18.7371710497441,2.2475,2.6580963640980353,1.8369036359019648
21,background,1,702,112.38827200473601,2.4993589743589744,2.9150575280662925,2.0836604206516562
21,background,2,425,86.26248193434782,2.3983529411764706,2.8084187506498663,1.988287131703075
21,background,3,355,72.14439103558043,2.2753521126760563,2.6505967298632274,1.9001074954888852
21,background,4,169,46.02007571072708,2.201775147928994,2.548695718671398,1.8548545771865899
21,background,5,99,34.0549092218033,2.1333333333333333,2.4687527546520265,1.79791391201464
21,background,6,20,13.1882124402218,2.0275,2.316499447276834,1.7385005527231654
21,identity,2,68,32.84396924534965,2.5323529411764705,2.9226787390466242,2.1420271433063167
21,identity,4,69,43.40731202046615,2.533333333333333,3.0454447095322434,2.021221957134423
21,identity,6,19,12.479878541919094,1.9736842105263157,2.2542660989686807,1.693102322083951
21,number,2,69,32.461231938226994,2.3246376811594205,2.7076092448710707,1.94166611744777
21,number,4,70,28.488594208911046,2.1271428571428572,2.4608366089573015,1.793449105328413
21,number,6,20,19.815663660745493,2.4175,2.8517298754540525,1.9832701245459474
21,pose,2,70,37.66067333159982,2.4442857142857144,2.885414233570419,2.00315719500101
21,pose,4,27,25.85414554970369,2.5925925925925926,3.080204590423706,2.104980594761479
21,pose,6,20,14.3642465499367,2.1550000000000002,2.4697704309660082,1.8402295690339925
22,animacy,2,70,14.418555296634446,1.6242857142857143,1.7931737182846272,1.4553977102868014
22,animacy,4,68,12.49768399597133,1.499264705882353,1.6477902522563577,1.3507391595083482
22,animacy,6,20,5.390293420389537,1.4625,1.5806200125652763,1.3443799874347235
22,background,1,917,55.25241123578609,1.6607960741548529,1.839606420094865,1.4819857282148408
22,background,2,638,42.845991030298514,1.583385579937304,1.749621904759769,1.417149255114839
22,background,3,568,37.733832369150605,1.5348591549295774,1.690020245565866,1.3796980642932888
22,background,4,292,23.910083756924774,1.485445205479452,1.6225699234702882,1.3483204874886159
22,background,5,223,20.95006594638534,1.4609865470852017,1.5984727249044217,1.3235003692659817
22,background,6,69,11.73400366904933,1.4442028985507247,1.5826384866481096,1.3057673104533398
22,identity,2,70,14.179302929937965,1.5371428571428571,1.7032284406612095,1.3710572736245048
22,identity,4,69,13.721861159631754,1.508695652173913,1.6705836124133346,1.3468076919344913
22,identity,6,70,11.995503543543219,1.4307142857142858,1.5712205020967123,1.2902080693318594
22,number,2,70,16.131531724838585,1.6514285714285715,1.8403810800817137,1.4624760627754292
22,number,4,70,12.704019256249492,1.4935714285714285,1.6423766598037521,1.344766197339105
22,number,6,44,8.963962939400595,1.4863636363636363,1.6187977257752282,1.3539295469520445
22,pose,2,69,12.528598863148433,1.5572463768115943,1.7050564508983275,1.409436302724861
22,pose,4,69,12.479245928635608,1.482608695652174,1.629836513016793,1.335380878287555
22,pose,6,20,6.481958768280172,1.42,1.5620421842456076,1.2779578157543923
23,animacy,2,69,29.5152057153775,2.13768115942029,2.4858960548869637,1.7894662639536163
23,animacy,4,70,22.936697784623618,1.9564285714285714,2.225091625907793,1.6877655169493497
23,animacy,6,70,22.453636442092943,1.877857142857143,2.1408619837171345,1.6148523019971512
23,background,1,1033,107.17418188704728,2.175701839303001,2.5024898329402347,1.8489138456657674
23,background,2,757,83.78426243381837,2.075363276089828,2.3737919758973423,1.7769345762823139
23,background,3,689,71.73586418609813,1.9675616835994194,2.2353877231419395,1.6997356440568994
23,background,4,414,53.91291711249678,1.9153381642512077,2.1750063456465973,1.6556699828558181
23,background,5,347,44.92359009883806,1.8304034582132565,2.0667426762176633,1.5940642402088494
23,background,6,69,20.934358562445915,1.7971014492753623,2.0440811094810183,1.5501217890697063
23,identity,2,70,23.444840078699393,2.052142857142857,2.3267579044555022,1.7775278098302119
23,identity,4,68,23.251089391569092,1.9301470588235294,2.2064687162431627,1.6538254014038962
23,identity,6,70,19.297531884728297,1.7857142857142858,2.011750915256351,1.5596776561722205
23,number,2,68,23.34478415767473,1.964705882352941,2.2421410313869172,1.687270733318965
23,number,4,68,23.51539249535347,1.9308823529411765,2.2103450533661038,1.6514196525162494
23,number,6,69,18.073097191828055,1.7202898550724637,1.9335128869598073,1.50706682318512
23,pose,2,69,27.42362600309986,2.065942028985507,2.3894808568721566,1.7424032010988575
23,pose,4,69,23.467839135382928,1.923913043478261,2.200782235248743,1.647043851707779
23,pose,6,69,23.707815722157736,1.977536231884058,2.2572366226942506,1.6978358410738652
24,animacy,2,68,30.951830147402983,2.138235294117647,2.506074446187768,1.770396142047526
24,animacy,4,70,22.767358906534312,1.8042857142857143,2.0709652617816396,1.537606166789789
24,animacy,6,20,13.370135613216101,1.9275,2.220486014575512,1.634513985424488
24,background,1,983,114.82578336904909,2.1386063072227874,2.4975189310052532,1.7796936834403216
24,background,2,709,86.50091268152518,1.9684767277856134,2.2868405043791524,1.6501129511920745
24,background,3,639,72.34646174012789,1.8558685446009389,2.136342760440402,1.5753943287614756
24,background,4,362,46.724472343617464,1.7379834254143647,1.9786502323907875,1.4973166184379418
24,background,5,292,42.41694671261774,1.7097602739726028,1.9530221510588968,1.4664983968863088
24,background,6,70,19.299440951815978,1.7057142857142857,1.9317732766180342,1.4796552948105373
24,identity,2,69,30.452249074316505,2.094927536231884,2.454197494584692,1.735657577879076
24,identity,4,69,28.112555726466496,2.0014492753623188,2.3331159677104045,1.669782583014233
24,identity,6,69,19.24017179045748,1.7434782608695651,1.9704702213316407,1.5164863004074896
24,number,2,68,23.553299020240075,1.9426470588235294,2.2225602497010666,1.6627338679459922
24,number,4,69,25.515836155941315,1.9217391304347826,2.222770209312094,1.6207080515574712
24,number,6,70,23.860559838140297,1.7257142857142858,2.0051987584964346,1.4462298129321367
24,pose,2,69,21.317709465186574,1.9253623188405797,2.1768646815410837,1.6738599561400755
24,pose,4,69,26.101068741982274,1.8688405797101448,2.176776123551621,1.5609050358686685
24,pose,6,63,20.319746683045974,1.7277777777777779,1.9786624277712344,1.4768931277843214
25,animacy,2,69,42.90696790425586,2.6471014492753624,3.153309858854163,2.1408930396965618
25,animacy,4,70,46.68700371398312,2.705,3.2518560967259265,2.1581439032740737
25,animacy,6,69,44.02412616066929,2.439855072463768,2.9592435069161227,1.9204666380114133
25,background,1,1039,208.11122405806796,2.9979307025986524,3.6306539704425336,2.365207434754771
25,background,2,762,156.15088013975793,2.6975721784776905,3.251933634141185,2.143210722814196
25,background,3,692,136.00643367135248,2.5528179190751445,3.059496425015058,2.046139413135231
25,background,4,417,97.08592233578189,2.4217026378896884,2.8876258089033127,1.955779466876064
25,background,5,348,82.93431135543358,2.329885057471264,2.7655681398555383,1.89420197508699
25,background,6,69,27.399001134309525,2.011212814645309,2.3344611229199863,1.6879645063706317
25,identity,2,68,53.77954512344085,2.688970588235294,3.3280999121787804,2.049841264291808
25,identity,4,68,43.32192832370474,2.583823529411765,3.0986719666364433,2.0689750921870864
25,identity,6,70,36.606693377031476,2.3464285714285715,2.7752115701586986,1.9176455726984447
25,number,2,70,50.25854208621236,2.7885714285714287,3.3772618127472303,2.199881044395627
25,number,4,68,54.06601715057542,2.6375,3.2800338278791554,1.994966172120845
25,number,6,70,46.22823812346735,2.3835714285714285,2.925053893661481,1.842088963481376
25,pose,2,70,46.59082810122498,2.887142857142857,3.4328724257986734,2.3414132884870407
25,pose,4,69,45.976595876826856,2.428985507246377,2.9714088154743,1.8865621990184538
25,pose,6,70,35.286832194400645,2.1592857142857143,2.5726088617267044,1.7459625668447243
26,animacy,2,69,23.20259740451033,1.8326086956521739,2.1063486149222417,1.558868776382106
26,animacy,4,69,19.904046137194793,1.8514492753623188,2.0862735016226197,1.6166250491020178
26,animacy,6,70,20.759081715822848,1.802142857142857,2.0452989711714245,1.5589867431142896
26,background,1,1041,93.65985490621172,2.0024015369836694,2.286883143343635,1.7179199306237036
26,background,2,763,70.57079312368016,1.8779816513761467,2.1283554077200684,1.6276078950322252
26,background,3,695,63.43716327367205,1.82431654676259,2.060134805228991,1.5884982882961887
26,background,4,417,46.278163544512346,1.7448441247002398,1.9669367637624884,1.5227514856379911
26,background,5,347,39.10528972160322,1.6938040345821326,1.8995336651015449,1.4880744040627203
26,background,6,69,16.02637628542726,1.6442028985507247,1.8332790986882055,1.4551266984132438
26,identity,2,70,21.134531484105146,1.957142857142857,2.2046967045547303,1.7095890097309838
26,identity,4,70,21.96899729403377,1.8585714285714285,2.1158995745967752,1.6012432825460818
26,identity,6,70,16.38926156777181,1.6107142857142858,1.8026856459686078,1.4187429254599637
26,number,2,70,21.444236129036977,1.905,2.1561814923621228,1.6538185076378773
26,number,4,70,21.00213021777102,1.8528571428571428,2.0988601424109565,1.606854143303329
26,number,6,68,16.02333824210962,1.675,1.865425287430213,1.484574712569787
26,pose,2,69,23.222606952799474,1.9478260869565218,2.2218020751475733,1.6738500987654703
26,pose,4,69,21.170237300711133,1.826086956521739,2.0758494701142185,1.5763244429292596
26,pose,6,70,21.220583354251524,1.7992857142857144,2.0478475079370275,1.5507239206344015
27,animacy,2,56,30.919462445112735,2.4901785714285714,2.8950936941134957,2.085263448743647
27,animacy,4,20,14.900370889061083,2.155,2.4815187735394155,1.828481226460584
27,animacy,6,20,20.952954822398528,2.535,2.9941518668611784,2.075848133138822
27,background,1,532,109.33581779376591,2.63515037593985,3.0997006463515806,2.170600105528119
27,background,2,270,73.38485431003636,2.484814814814815,2.922488695738597,2.0471409338910327
27,background,3,200,59.31639074089316,2.35175,2.762791616858286,1.9407083831417142
27,background,4,120,43.53410641155543,2.2470833333333333,2.6365453310065066,1.85762133566016
27,background,5,100,34.61681216129709,2.1405,2.4797447591807114,1.8012552408192883
27,background,6,20,17.311997665142364,2.195,2.574365875334644,1.8156341246653553
27,identity,2,69,41.70939563468316,2.672463768115942,3.1645434432829145,2.1803840929489695
27,identity,4,20,15.701575515985985,2.3325,2.6765759440343917,1.9884240559656083
27,identity,6,20,16.644660910998017,2.0225,2.3872422139423666,1.6577577860576336
27,number,2,68,34.9649824824781,2.4448529411764706,2.860385381334311,2.02932050101863
27,number,4,20,21.273470011161542,2.3625,2.828675465610152,1.8963245343898478
27,number,6,20,11.976402236327727,2.0125,2.2749444853578313,1.750055514642169
27,pose,2,69,41.44876355212541,2.5652173913043477,3.0542221777424974,2.076212604866198
27,pose,4,20,19.183188912224818,2.62,3.0403701614429584,2.199629838557042
27,pose,6,20,24.78056326618654,2.4525,2.9955280350424878,1.9094719649575125
28,animacy,2,68,14.84764734154699,1.6308823529411764,1.8073354409279325,1.4544292649544204
28,animacy,4,70,14.09759217962975,1.562857142857143,1.7279856287162014,1.3977286569980845
28,animacy,6,70,10.580518343684899,1.3785714285714286,1.502503583185832,1.2546392739570251
28,background,1,1042,62.644884698970976,1.6805662188099808,1.8707519061427265,1.4903805314772351
28,background,2,764,48.81983526999527,1.6034685863874345,1.7765600722634811,1.4303771005113879
28,background,3,694,42.56131799502553,1.5314841498559078,1.68981349253222,1.3731548071795956
28,background,4,415,31.741016134697986,1.507590361445783,1.660284671223284,1.3548960516682822
28,background,5,345,28.30756826455836,1.4842028985507247,1.6335576665108849,1.3348481305905646
28,background,6,70,12.02475516765748,1.4642857142857142,1.6051345619726471,1.3234368665987812
28,identity,2,70,15.298864766965384,1.637857142857143,1.8170564232833297,1.458657862430956
28,identity,4,70,12.237023201829162,1.4921428571428572,1.635478051337224,1.3488076629484904
28,identity,6,70,9.575736882460026,1.38,1.4921629078382725,1.2678370921617272
28,number,2,70,13.64339053399696,1.5542857142857143,1.7140940270923555,1.394477401479073
28,number,4,70,11.319289544378378,1.4414285714285715,1.5740141306962225,1.3088430121609205
28,number,6,67,12.934653577034629,1.5343283582089553,1.6891898633728217,1.3794668530450889
28,pose,2,70,14.014841756997622,1.59,1.754159210267927,1.425840789732073
28,pose,4,69,11.33671260249544,1.4376811594202898,1.571429581568571,1.3039327372720086
28,pose,6,68,12.056664459739137,1.4279411764705883,1.5712255383498008,1.2846568145913757
29,animacy,2,68,25.97453206102997,2.0595588235294118,2.368246542583372,1.7508711044754512
29,animacy,4,70,21.903316259368005,1.9164285714285714,2.1729873797070307,1.6598697631501123
29,animacy,6,70,20.970656190320597,1.8514285714285714,2.0970629081334,1.605794234723743
29,background,1,1047,107.77233557731536,2.189063992359121,2.5154714175174835,1.8626565672007585
29,background,2,769,81.95006502678773,2.0626137841352405,2.3522228870113207,1.7730046812591604
29,background,3,699,72.93519113064117,1.9778254649499285,2.248174368905056,1.707476560994801
29,background,4,419,55.48465885648981,1.9334128878281622,2.1990519781665188,1.6677737974898057
29,background,5,349,47.43949054488143,1.8762177650429799,2.1250767805343087,1.6273587495516508
29,background,6,70,18.21682276301077,1.7942857142857143,2.0076637381134543,1.5809076904579742
29,identity,2,70,31.723102987537246,2.175,2.5465803306221457,1.8034196693778541
29,identity,4,70,22.772790781983662,1.9685714285714286,2.23531460093016,1.7018282562126972
29,identity,6,70,23.273262273306365,1.895,2.167605315235666,1.622394684764334
29,number,2,70,29.5256801695352,2.150714285714286,2.496555674671405,1.8048728967571666
29,number,4,70,22.67307700892474,1.8914285714285715,2.157003772395117,1.625853370462026
29,number,6,70,20.676645864610787,1.8335714285714286,2.075761951659522,1.5913809054833354
29,pose,2,70,23.637948971493856,2.0342857142857143,2.311162692477531,1.757408736093898
29,pose,4,70,20.35015841138395,1.9021428571428571,2.1405091542130332,1.6637765600726813
29,pose,6,69,22.511166819579728,1.8898550724637682,2.1554376225738228,1.6242725223537138
30,animacy,2,20,10.17427095538959,1.575,1.797953542481978,1.352046457518022
30,animacy,4,20,13.443840303472188,1.59,1.8846011398127092,1.295398860187291
30,animacy,6,20,8.041013290428147,1.49,1.6662064727886907,1.3137935272113093
30,background,1,444,71.54332511437424,1.8286036036036035,2.161342607071245,1.495864600135962
30,background,2,269,36.52165903881378,1.5985130111524164,1.8167359666488887,1.380290055655944
30,background,3,199,37.70606540625862,1.5889447236180905,1.8508901102149455,1.3269993370212354
30,background,4,120,22.333064936852804,1.5095833333333333,1.709377949587652,1.3097887170790146
30,background,5,100,18.090416189096835,1.458,1.635286078653149,1.280713921346851
30,background,6,20,7.974465829330382,1.4224999999999999,1.5972481872505933,1.2477518127494065
30,identity,2,70,19.05635686174315,1.605,1.8282116885262436,1.3817883114737564
30,identity,4,20,10.174917560767804,1.5675,1.7904677118470649,1.344532288152935
30,identity,6,20,9.296717020993004,1.6175,1.821223294019893,1.413776705980107
30,number,2,65,29.44754479981043,1.78,2.1379468035477345,1.4220531964522654
30,number,4,19,8.48605667520179,1.518421052631579,1.7092108747728214,1.3276312304903364
30,number,6,20,9.860874307345325,1.645,1.861085935634292,1.4289140643657081
30,pose,2,20,15.568186183773355,1.925,2.2661529214142444,1.5838470785857557
30,pose,4,20,13.614910556947638,1.6425,1.9408498820265616,1.3441501179734385
30,pose,6,20,14.218038949832264,1.6,1.9115665156659338,1.2884334843340663
31,animacy,2,69,31.56171898460472,2.1202898550724636,2.4926491326243294,1.7479305775205978
31,animacy,4,20,22.279209094910367,2.035,2.5232146950072813,1.546785304992719
31,animacy,6,10,7.985018867591326,1.7650000000000001,2.0124582984538693,1.517541701546131
31,background,1,577,131.4774745566307,2.329809358752166,2.8662102893032673,1.7934084282010654
31,background,2,298,65.30448924683105,2.00755033557047,2.3782831095748014,1.6368175615661384
31,background,3,228,55.89616783776298,1.9423245614035087,2.3051023477950805,1.5795467750119367
31,background,4,119,32.5556608385021,1.830672268907563,2.1231407774396307,1.5382037603754952
31,background,5,50,25.30820545115546,1.794,2.1447538324058177,1.4432461675941823
31,background,6,10,12.914598023371195,1.885,2.285227539229742,1.484772460770258
31,identity,2,70,43.556798973777966,2.2671428571428573,2.777334113334824,1.7569516009508908
31,identity,4,49,33.15204208999563,2.0918367346938775,2.5559653239538163,1.6277081454339388
31,identity,6,10,9.519509054125582,1.98,2.275012642012793,1.684987357987207
31,number,2,70,47.57249315794956,2.3785714285714286,2.9357994760009394,1.8213433811419177
31,number,4,20,36.027986197866845,2.08,2.8694980570623736,1.2905019429376265
31,number,6,10,10.817991836215308,2.105,2.4402530403331664,1.7697469596668338
31,pose,2,70,34.651004390394775,2.2278571428571428,2.6337326863949437,1.821981599319342
31,pose,4,20,10.423531071570707,1.6625,1.8909156956078106,1.4340843043921896
31,pose,6,10,6.306638106830477,1.59,1.785444739800767,1.3945552601992333
32,animacy,2,70,30.184345890578864,1.8771428571428572,2.230699356015013,1.5235863582707012
32,animacy,4,68,24.55643339438021,1.6669117647058824,1.9587464508823675,1.3750770785293973
32,animacy,6,70,25.071371805518066,1.687142857142857,1.980809861543563,1.3934758527421511
32,background,1,1038,108.36722411854008,1.9233622350674373,2.252991185610317,1.5937332845245573
32,background,2,759,74.1231904900285,1.7405797101449276,2.004248843765326,1.4769105765245292
32,background,3,690,73.79669797205663,1.6910144927536233,1.9663349360258224,1.415694049481424
32,background,4,414,49.96899038403718,1.6292270531400965,1.8698995589908143,1.3885545472893788
32,background,5,345,44.231002463739934,1.5923188405797102,1.8256879186961137,1.3589497624633067
32,background,6,69,17.269001738740766,1.5572463768115943,1.7609828404248722,1.3535099131983164
32,identity,2,70,26.363651212666994,1.8514285714285714,2.1602323551523224,1.5426247877048203
32,identity,4,70,20.03490375372571,1.657857142857143,1.8925307863439402,1.4231834993703456
32,identity,6,68,21.649723469730265,1.6485294117647058,1.9058200432308507,1.3912387802985609
32,number,2,69,18.68245729357666,1.6181159420289855,1.8385280908135018,1.3977037932444691
32,number,4,69,19.406387987898267,1.5847826086956522,1.8137355568728348,1.3558296605184696
32,number,6,69,18.33812537052965,1.6007246376811595,1.8170744226202094,1.3843748527421096
32,pose,2,70,26.09935470063338,1.887857142857143,2.1935651580061015,1.5821491277081845
32,pose,4,69,24.397152551713468,1.7130434782608697,2.0008765364954337,1.4252104200263054
32,pose,6,69,21.52703318840608,1.6485507246376812,1.9025226496072905,1.3945787996680719
33,animacy,2,69,42.42832966185137,2.2594202898550724,2.759981814667002,1.7588587650431426
33,animacy,4,60,29.047148605418453,2.078333333333333,2.4458304678250853,1.7108361988415808
33,animacy,6,60,26.935253752969217,2.0308333333333333,2.3716113114229938,1.6900553552436726
33,background,1,942,156.23676364988322,2.4372611464968155,2.9361270921977494,1.9383952007958816
33,background,2,666,114.80195762130631,2.202102102102102,2.638053680992501,1.766150523211703
33,background,3,598,96.86326499382083,2.0781772575250836,2.4663585373221157,1.6899959777280515
33,background,4,360,68.67116532700186,2.011527777777778,2.3662180213962465,1.6568375341593091
33,background,5,299,68.03230656711636,1.9692307692307691,2.354802936920678,1.5836586015408598
33,background,6,59,25.518105027813615,1.9796610169491526,2.305234098727956,1.6540879351703492
33,identity,2,68,33.74759250672557,2.2411764705882353,2.642241149250653,1.8401117919258179
33,identity,4,60,26.888072096240585,2.0283333333333333,2.3685143811051894,1.6881522855614772
33,identity,6,60,22.32652423039749,1.8233333333333333,2.105802837975218,1.5408638286914489
33,number,2,70,38.27174304613619,2.4114285714285715,2.85971469716337,1.9631424456937727
33,number,4,60,31.11730775798676,2.0658333333333334,2.459521594769946,1.672145071896721
33,number,6,60,31.453432579809657,2.069166666666667,2.4671074938380246,1.6712258394953088
33,pose,2,69,43.27199775228415,2.322463768115942,2.832978731801095,1.8119488044307888
33,pose,4,58,26.25342082973489,2.027586206896552,2.3654160247692793,1.6897563890238245
33,pose,6,60,45.08979345355455,2.2316666666666665,2.8021312624898598,1.6612020708434732
34,animacy,2,69,19.204166214652485,1.7231884057971014,1.9497555791871823,1.4966212324070205
34,animacy,4,68,15.218842199547797,1.5963235294117648,1.7771879882664003,1.4154590705571293
34,animacy,6,70,12.03405256148699,1.5007142857142857,1.641672036009972,1.3597565354185994
34,background,1,1033,76.24355020176081,1.8110358180058084,2.0435123003033078,1.5785593357083092
34,background,2,756,58.87976151267491,1.7207671957671957,1.9306279455704694,1.510906445963922
34,background,3,687,50.45579096699667,1.6350072780203784,1.823658110463887,1.4463564455768698
34,background,4,414,35.70028748225691,1.5741545893719806,1.746102783280068,1.4022063954638933
34,background,5,346,30.370432296803695,1.530635838150289,1.6906428445758301,1.3706288317247477
34,background,6,68,13.437770805104778,1.5558823529411765,1.7155801218654192,1.3961845840169338
34,identity,2,69,19.163081281738755,1.7659420289855072,1.9920244899952047,1.5398595679758098
34,identity,4,69,16.609207972497792,1.6702898550724639,1.8662421948155783,1.4743375153293494
34,identity,6,69,15.12935452757495,1.5181159420289856,1.6966092466700229,1.3396226373879483
34,number,2,69,17.018488398457162,1.7152173913043478,1.9159983452240439,1.5144364373846517
34,number,4,68,17.179700383393126,1.6220588235294118,1.8262266026801477,1.4178910443786759
34,number,6,70,12.813233290954358,1.4714285714285715,1.621513052901332,1.321344089955811
34,pose,2,70,18.392003411093754,1.6764285714285714,1.8918585282957385,1.4609986145614042
34,pose,4,68,18.98884714219043,1.6889705882352941,1.9146387118424706,1.4633024646281176
34,pose,6,69,14.084519310595102,1.518840579710145,1.6850071132160251,1.3526740462042648
35,animacy,2,70,30.882715315579972,2.29,2.651736667815284,1.9282633321847158
35,animacy,4,69,26.08664711868386,1.9949275362318841,2.3026929364498416,1.6871621360139266
35,animacy,6,69,28.487023823414575,1.963768115942029,2.299852713097956,1.6276835187861023
35,background,1,1040,131.01001367914793,2.3734134615384614,2.7715333722813926,1.9752935507955303
35,background,2,762,100.71785761276529,2.219225721784777,2.5767907775023535,1.8616606660672006
35,background,3,692,89.17789730881219,2.121893063583815,2.45411649266421,1.7896696345034204
35,background,4,415,69.1343086432413,2.0898795180722893,2.422459152430138,1.7572998837144405
35,background,5,345,57.27682088355041,2.011159420289855,2.313360097246936,1.708958743332774
35,background,6,70,24.431429283652346,2,2.2861712038181636,1.7138287961818366
35,identity,2,69,30.788027406427766,2.4572463768115944,2.820477785338378,2.094014968284811
35,identity,4,70,25.82496751921328,2.092142857142857,2.39463690928099,1.7896488050047243
35,identity,6,69,22.967654601520305,1.913768115942029,2.184736223815194,1.6428000080688643
35,number,2,69,30.343645827508322,2.253623188405797,2.611611865896146,1.895634510915448
35,number,4,70,25.243029261873254,1.9814285714285713,2.2771062408771217,1.685750901980021
35,number,6,69,22.509354780436933,1.9123188405797102,2.1778800125897178,1.6467576685697027
35,pose,2,70,28.363941155889055,2.242142857142857,2.5743765177842164,1.9099091965014976
35,pose,4,68,31.027364832048704,2.1933823529411764,2.5621191777569687,1.8246455281253842
35,pose,6,68,24.634325645326687,2.0551470588235294,2.3479074356426852,1.7623866820043737
36,animacy,2,68,26.37293269523449,2.0161764705882352,2.329598880636947,1.7027540605395233
36,animacy,4,69,25.6020661172821,1.7659420289855072,2.06799043287366,1.4638936250973544
36,animacy,6,70,28.617624308328455,1.822857142857143,2.158062255241219,1.487652030473067
36,background,1,1042,101.35309566066543,2.030662188099808,2.338363419479707,1.722960956719909
36,background,2,764,76.72414702583605,1.911649214659686,2.1836758722227096,1.6396225570966625
36,background,3,694,68.32355300141265,1.8379682997118156,2.0921339070195635,1.583802692404068
36,background,4,419,47.62772301926684,1.760143198090692,1.9881663179669247,1.5321200782144595
36,background,5,349,41.34081709273217,1.7134670487106016,1.9303335226785536,1.4966005747426496
36,background,6,70,19.29705458844623,1.707857142857143,1.933888181713128,1.481826104001158
36,identity,2,70,25.15771305814162,1.9428571428571428,2.2375354831038026,1.6481788026104829
36,identity,4,68,26.240486998048205,1.9323529411764706,2.244201334027611,1.6205045483253304
36,identity,6,69,19.69123502582063,1.7108695652173913,1.9431830856531793,1.4785560447816033
36,number,2,70,22.774986278810356,1.8914285714285715,2.1581974601693688,1.624659682687774
36,number,4,68,22.3131422213339,1.8080882352941177,2.0732630981577325,1.542913372430503
36,number,6,70,24.66341846797227,1.86,2.148888548897686,1.5711114511023145
36,pose,2,70,31.231562982274667,2.1142857142857143,2.4801085186740224,1.7484629098974063
36,pose,4,70,24.817650764600668,1.9485714285714286,2.2392665374325675,1.6578763197102897
36,pose,6,70,19.269692593074208,1.7028571428571428,1.928567684084292,1.4771466016299937
37,animacy,2,69,51.95916919233692,2.9123188405797102,3.5253234336467454,2.299314247512675
37,animacy,4,70,45.60081370465132,2.6492857142857145,3.1834190063432404,2.1151524222281886
37,animacy,6,70,39.25087997672623,2.4614285714285713,2.9211835633879613,2.0016735794691813
37,background,1,1045,184.39095336867945,2.7605263157894737,3.319520822753915,2.2015318088250324
37,background,2,766,135.10173554536013,2.5259791122715405,3.004358676619291,2.04759954792379
37,background,3,697,120.94165622533171,2.4223816355810617,2.871318840543904,1.9734444306182195
37,background,4,419,83.83767210006427,2.308233890214797,2.7096162436748576,1.9068515367547363
37,background,5,349,75.84740567328866,2.2505730659025787,2.648454883068565,1.8526912487365923
37,background,6,70,27.834094957538372,2.164285714285714,2.4903131590458787,1.8382582695255496
37,identity,2,70,47.54919889745224,2.7328571428571427,3.2898123390141727,2.1759019467001126
37,identity,4,68,54.25776684639624,2.960294117647059,3.6051067460102093,2.3154814892839086
37,identity,6,70,41.98063463325116,2.4014285714285712,2.8931578358349967,1.909699307022146
37,number,2,70,33.360195316858494,2.452142857142857,2.8428988437286438,2.06138687055707
37,number,4,70,46.32931321698925,2.4414285714285713,2.9840949533846155,1.898762189472527
37,number,6,69,32.181434661029414,2.215217391304348,2.594887958893161,1.8355468237155352
37,pose,2,70,37.07882783589862,2.5235714285714286,2.9578846517059234,2.0892582054369337
37,pose,4,70,43.11194119596345,2.447857142857143,2.9528376729664467,1.942876612747839
37,pose,6,70,27.031901231887602,2.0492857142857144,2.365916871112841,1.732654557458588
38,animacy,2,68,20.287084301931714,1.8816176470588235,2.1227143399541792,1.640520954163468
38,animacy,4,69,17.255967693891627,1.682608695652174,1.8861913860338364,1.4790260052705115
38,animacy,6,20,10.30342303876675,1.6975,1.923283712293075,1.471716287706925
38,background,1,809,65.59342473465654,1.8120519159456119,2.0380538322285378,1.5860499996626858
38,background,2,531,50.064064220913885,1.7538606403013182,1.9667749829743486,1.5409462976282877
38,background,3,461,45.5362492965769,1.7280911062906725,1.935932893900358,1.5202493186809871
38,background,4,184,27.509185068952785,1.6850543478260869,1.8837987427069678,1.486309952945206
38,background,5,118,20.785622561356153,1.6601694915254237,1.847689713687976,1.4726492693628714
38,background,6,38,12.462364395081275,1.6789473684210525,1.8770702897773635,1.4808244470647416
38,identity,2,70,18.971862822278904,1.7557142857142858,1.9779362752463276,1.533492296182244
38,identity,4,70,16.25973392674127,1.6857142857142857,1.8761684575744666,1.4952601138541048
38,identity,6,20,12.567920734112995,1.71,1.985406705953596,1.434593294046404
38,number,2,70,19.435385525538614,1.8035714285714286,2.0312227709443884,1.5759200861984688
38,number,4,70,16.739725835647118,1.6921428571428572,1.8882192896084165,1.496066424677298
38,number,6,20,8.229440090949463,1.5375,1.7178355571092256,1.3571644428907745
38,pose,2,70,20.975424216273474,1.8414285714285714,2.087118757167483,1.5957383856896594
38,pose,4,68,18.451144594363388,1.7330882352941177,1.952366169748772,1.5138103008394634
38,pose,6,20,10.965976088745926,1.8499999999999999,2.090302546145917,1.609697453854083
39,animacy,2,69,28.954546956802556,2.2572463768115942,2.598846724750045,1.9156460288731436
39,animacy,4,70,33.20320212839339,2.367142857142857,2.7560599447754672,1.9782257695102465
39,animacy,6,70,27.832818568619388,2.112142857142857,2.438155351252806,1.7861303630329082
39,background,1,1046,130.01648680880922,2.426912045889101,2.8208779707285316,2.0329461210496707
39,background,2,767,108.26698238005994,2.3626466753585396,2.7457575026712826,1.9795358480457965
39,background,3,697,98.44129963427044,2.3005738880918223,2.665989438779993,1.9351583374036514
39,background,4,417,77.09037758235118,2.2688249400479616,2.638787879201795,1.8988620008941282
39,background,5,347,69.47528905642412,2.2587896253602304,2.624293260534974,1.8932859901854873
39,background,6,69,25.34493617024285,1.9760869565217392,2.2751017892231262,1.6770721238203519
39,identity,2,70,36.33455655433268,2.447142857142857,2.872738251854783,2.0215474624309313
39,identity,4,70,32.86031040632453,2.357142857142857,2.742043571613485,1.9722421426722292
39,identity,6,69,35.14762101704601,2.341304347826087,2.7559694291531818,1.9266392664989924
39,number,2,70,33.54419708227843,2.327857142857143,2.7207683863500693,1.9349458993642163
39,number,4,70,27.111126090495336,2.1692857142857145,2.4868448509251095,1.8517265776463194
39,number,6,69,30.484076947948108,2.2797101449275363,2.6393556026008107,1.920064687254262
39,pose,2,70,33.21857438558323,2.4,2.789097146576127,2.0109028534238726
39,pose,4,70,33.713498780162226,2.302857142857143,2.6977514578326818,1.9079628278816043
39,pose,6,70,29.450493696156748,2.222857142857143,2.5678178545788968,1.877896431135389
40,animacy,2,70,12.92549500222841,1.54,1.6913994298814268,1.3886005701185733
40,animacy,4,70,11.529824027506367,1.48,1.6150516002750137,1.3449483997249863
40,animacy,6,20,5.026246899500346,1.34,1.4501424914420074,1.2298575085579928
40,background,1,938,53.44975505827387,1.601226012793177,1.7722552567197152,1.4301967688666388
40,background,2,659,41.30681095871415,1.5456752655538695,1.7033655859213823,1.3879849451863566
40,background,3,590,35.048237435974166,1.4815254237288136,1.6229309075874632,1.340119939870164
40,background,4,311,22.832801889064406,1.4241157556270096,1.5509992380349689,1.2972322732190504
40,background,5,241,19.367022975856884,1.3910788381742738,1.5133377207731162,1.2688199555754314
40,background,6,69,10.049744694321973,1.377536231884058,1.4961012465394312,1.2589712172286849
40,identity,2,70,12.650358846584885,1.4928571428571429,1.641033836812633,1.3446804489016528
40,identity,4,70,11.669009789767262,1.4978571428571428,1.6345390594218057,1.36117522629248
40,identity,6,70,12.379737264451215,1.4285714285714286,1.5735782668856775,1.2835645902571797
40,number,2,69,13.675564069959927,1.517391304347826,1.6787330601529655,1.3560495485426864
40,number,4,69,12.924986002232062,1.4891304347826086,1.6416170104506413,1.336643859114576
40,number,6,62,8.415055430283084,1.3379032258064516,1.4426371104256919,1.2331693411872113
40,pose,2,70,11.819586776996367,1.4778571428571428,1.616302803867633,1.3394114818466525
40,pose,4,70,12.731643132059007,1.4842857142857142,1.6334145106153863,1.335156917956042
40,pose,6,20,4.55463904630271,1.3075,1.4073079287009753,1.207692071299025
41,animacy,2,67,24.420817262931102,2.0276119402985073,2.319992752520945,1.7352311280760697
41,animacy,4,70,22.558287075695123,1.8507142857142858,2.114944924600687,1.5864836468278845
41,animacy,6,70,19.97465499339759,1.8335714285714286,2.0675393638464192,1.5996034932964383
41,background,1,1039,101.05168036833012,2.0979788257940326,2.4052075671228765,1.7907500844651887
41,background,2,765,77.39021085926892,1.9940522875816993,2.2682610874972973,1.7198434876661013
41,background,3,695,71.5552418176261,1.9458992805755395,2.2118952936188583,1.679903267532221
41,background,4,416,50.8401002110901,1.8569711538461537,2.1012499709503594,1.6126923367419481
41,background,5,347,45.59882269948367,1.8380403458213257,2.077931905578842,1.5981487860638095
41,background,6,70,22.11982916085165,1.8792857142857142,2.138380590222777,1.6201908383486512
41,identity,2,70,21.94748516944841,1.9392857142857143,2.1963618836248915,1.6822095449465373
41,identity,4,69,19.611623835717534,1.7536231884057971,1.984997470860083,1.5222489059515112
41,identity,6,68,21.520797774295108,1.8698529411764706,2.125611388010461,1.6140944943424804
41,number,2,69,23.73460720019121,1.955072463768116,2.2350889354422807,1.6750559920939514
41,number,4,70,23.370359094599433,1.9428571428571428,2.216599776499921,1.6691145092143649
41,number,6,69,18.96999015065083,1.7891304347826087,2.0129348426194533,1.5653260269457643
41,pose,2,68,21.556596255097027,1.8566176470588236,2.1128015318317295,1.6004337622859177
41,pose,4,70,23.705595608587746,1.9492857142857143,2.2269550537981333,1.671616374773295
41,pose,6,70,20.704309238722058,1.8528571428571428,2.095371693695687,1.610342592018598
42,animacy,2,68,31.338222836120043,2.1323529411764706,2.504784078867697,1.759921803485244
42,animacy,4,70,24.157160864899492,1.8471428571428572,2.1301014890458636,1.5641842252398508
42,animacy,6,20,7.763612832343349,1.495,1.6651276672322723,1.3248723327677279
42,background,1,860,106.70433819425378,2.063372093023256,2.4199536907858343,1.7067904952606778
42,background,2,587,73.87370089693981,1.910817717206133,2.2096289241846225,1.612006510227643
42,background,3,518,65.05770717722763,1.8222007722007723,2.102330983744672,1.5420705606568723
42,background,4,241,37.38733954020715,1.6968879668049792,1.932904331386537,1.4608716022234214
42,background,5,171,29.668209106364127,1.654093567251462,1.8764344634336811,1.431752671069243
42,background,6,69,21.987915341219402,1.6797101449275362,1.9391194716287123,1.4203008182263601
42,identity,2,67,23.734219133873708,1.8604477611940298,2.1446082048480113,1.5762873175400482
42,identity,4,69,29.58195573763097,1.9079710144927535,2.2569734142799303,1.5589686147055768
42,identity,6,43,14.491830729577847,1.6453488372093024,1.8619272170500498,1.428770457368555
42,number,2,68,23.180867791757652,1.8720588235294118,2.1475459502085803,1.5965716968502432
42,number,4,70,27.946330142275436,1.9978571428571428,2.3251992253142695,1.670515060400016
42,number,6,19,9.9719343000348,1.7289473684210526,1.9531437937251006,1.5047509431170045
42,pose,2,70,21.39589237508723,1.8357142857142856,2.0863295160659354,1.5850990553626358
42,pose,4,68,35.428764703571765,1.8639705882352942,2.285014730225946,1.4429264462446425
42,pose,6,20,11.465049865615617,1.54,1.7912389824764252,1.2887610175235749
43,animacy,2,69,37.437386323524805,2.491304347826087,2.9329836534322733,2.0496250422199007
43,animacy,4,68,40.219529165764605,2.338235294117647,2.8162140577170485,1.860256530518246
43,animacy,6,20,24.068269130690897,2.6875,3.214919201594449,2.160080798405551
43,background,1,958,181.691996463651,2.737212943632568,3.3124927349450175,2.1619331523201186
43,background,2,680,129.52949267901968,2.5063235294117647,2.993112000360817,2.0195350584627123
43,background,3,610,110.0645982569949,2.356885245901639,2.7936110075515526,1.9201594842517256
43,background,4,335,80.51835357952802,2.299402985074627,2.730523369783524,1.8682826003657298
43,background,5,267,63.251960651949666,2.194007490636704,2.573361289187173,1.8146536920862353
43,background,6,70,25.062448319936216,1.9914285714285713,2.2849910528977055,1.697866089959437
43,identity,2,69,45.08165106956371,2.6355072463768114,3.1673721625842033,2.1036423301694196
43,identity,4,70,46.38037811062142,2.702142857142857,3.245407374472559,2.158878339813155
43,identity,6,70,39.56121173174819,2.2942857142857145,2.757675696686579,1.83089573188485
43,number,2,70,45.1806898668237,2.632857142857143,3.1620694234164066,2.1036448622978794
43,number,4,67,46.37842057182243,2.494029850746269,3.049300386141762,1.9387593153507758
43,number,6,70,31.867653952260945,2.2385714285714284,2.611844919389312,1.865297937753545
43,pose,2,70,39.15592984600497,2.447857142857143,2.906499961112092,1.989214324602194
43,pose,4,70,33.05919730295624,2.2399999999999998,2.6272303244976123,1.8527696755023872
43,pose,6,37,41.629095341448014,2.47972972972973,3.150420279153807,1.8090391803056523
44,animacy,2,69,22.320158460105308,1.9043478260869564,2.1676768951754304,1.6410187569984824
44,animacy,4,70,20.70507184242547,1.7342857142857142,1.976809197684745,1.4917622308866834
44,animacy,6,69,17.483902370616896,1.6586956521739131,1.864967473385105,1.4524238309627213
44,background,1,1045,83.14616173057128,1.8810526315789473,2.133116232495613,1.6289890306622812
44,background,2,769,64.86037635608224,1.8014304291287386,2.030645078348965,1.5722157799085121
44,background,3,699,58.697709091851095,1.7412017167381975,1.958776539970437,1.5236268935059578
44,background,4,419,43.17110997926861,1.702505966587112,1.9091925466281228,1.4958193865461014
44,background,5,349,40.092130741186864,1.667048710601719,1.877364801069894,1.4567326201335442
44,background,6,70,13.187214701328985,1.5064285714285715,1.660893587055514,1.351963555801629
44,identity,2,69,18.49060928090114,1.7760869565217392,1.994235718212718,1.5579381948307605
44,identity,4,70,20.037530575870555,1.8064285714285715,2.041132983514564,1.5717241593425786
44,identity,6,70,20.288186866149214,1.7342857142857142,1.9719261237503638,1.4966453048210646
44,number,2,70,19.039570981455824,1.79,2.0130150714755914,1.5669849285244086
44,number,4,70,20.590301753878922,1.802142857142857,2.0433220109072865,1.5609637033784276
44,number,6,70,16.197384454222686,1.6292857142857142,1.8190095717872503,1.4395618567841781
44,pose,2,68,21.973189405081342,1.8691176470588236,2.130252427152577,1.60798286696507
44,pose,4,70,22.125063187539862,1.7778571428571428,2.0370133262069157,1.51870095950737
44,pose,6,70,19.351458533361793,1.747142857142857,1.9738111424827947,1.5204745718029196
45,animacy,2,67,37.63778196943794,2.5440298507462686,2.9946521679272484,2.093407533565289
45,animacy,4,70,34.302715866086665,2.307857142857143,2.7096530991910956,1.90606118652319
45,animacy,6,70,38.38276751493127,2.4285714285714284,2.8781580105963394,1.9789848465465174
45,background,1,1044,142.1340360734413,2.4852490421455937,2.9163449644326676,2.05415311985852
45,background,2,767,114.35498746401373,2.4044328552803127,2.8090865446284097,1.9997791659322157
45,background,3,697,103.6814580185006,2.323170731707317,2.708037827313939,1.9383036361006953
45,background,4,418,77.06796385419547,2.220933014354067,2.5903457125678826,1.8515203161402511
45,background,5,349,65.01592922224198,2.158022922636103,2.4990847669279113,1.8169610783442947
45,background,6,70,21.685551823616038,1.9242857142857144,2.1782937953838517,1.670277633187577
45,identity,2,70,32.00259035568346,2.2335714285714285,2.6084254619174625,1.8587173952253948
45,identity,4,69,35.49228974832347,2.5369565217391306,2.9556879405124143,2.1182251029658468
45,identity,6,69,36.22829658822245,2.4478260869565216,2.8752407772370288,2.0204113966760144
45,number,2,70,29.434807536942415,2.1435714285714287,2.4883484045397997,1.7987944526030577
45,number,4,70,34.402952749651256,2.3257142857142856,2.7286843407595183,1.922744230669053
45,number,6,70,26.91805303039892,2.115,2.430297625477229,1.7997023745227714
45,pose,2,70,37.48901593519725,2.357142857142857,2.7962607120819563,1.9180250022037582
45,pose,4,70,32.80259938352126,2.2271428571428573,2.611367588531307,1.8429181257544076
45,pose,6,70,26.550745851353366,2.032857142857143,2.343852411056042,1.7218618746582437
46,animacy,2,59,12.066264411246143,1.5576271186440678,1.711574713328135,1.4036795239600006
46,animacy,4,60,8.793239029594211,1.365,1.476249823181409,1.253750176818591
46,animacy,6,60,14.656954519594912,1.5033333333333334,1.6887693931510015,1.3178972735156653
46,background,1,916,52.386468722974236,1.597052401746725,1.7666803711737957,1.427424432319654
46,background,2,666,41.675911255152755,1.5436186186186187,1.701879676964962,1.3853575602722754
46,background,3,597,36.113964349717016,1.4870184254606365,1.631866949793204,1.342169901128069
46,background,4,360,29.169513645513348,1.4829166666666667,1.6335787655533331,1.3322545677800002
46,background,5,300,23.373286596364437,1.4346666666666668,1.566913485087588,1.3024198482457454
46,background,6,60,9.138409397471174,1.3883333333333334,1.5039501641969553,1.2727165024697116
46,identity,2,69,14.267371682858833,1.6028985507246376,1.771222342435243,1.4345747590140323
46,identity,4,59,10.999043020573247,1.4898305084745762,1.6301619448771831,1.3494990720719693
46,identity,6,60,13.329034394686541,1.4833333333333334,1.651968885556713,1.3146977811099538
46,number,2,62,12.364529062902816,1.5701612903225806,1.7240503729286285,1.4162722077165326
46,number,4,59,12.069862424541897,1.4838983050847459,1.6378918050692146,1.329904805100277
46,number,6,60,10.26824435360121,1.4233333333333333,1.5532445486292004,1.2934221180374663
46,pose,2,60,12.815081575607456,1.5433333333333332,1.7054664852405494,1.381200181426117
46,pose,4,59,9.667498451812106,1.438135593220339,1.5614785005646605,1.3147926858760175
46,pose,6,60,11.143796952848511,1.455,1.595988484038871,1.3140115159611292
47,animacy,2,70,20.060959729363844,1.8757142857142857,2.1106931291068456,1.6407354423217257
47,animacy,4,70,21.671288306007682,1.915,2.168841009087848,1.6611589909121522
47,animacy,6,70,21.66260420754235,1.8628571428571428,2.1165964330122566,1.609117852702029
47,background,1,1044,98.8882144007486,2.0840038314176246,2.383934144860531,1.7840735179747182
47,background,2,765,79.04242698170327,1.9879738562091502,2.2680367841223807,1.7079109282959197
47,background,3,697,67.70116223833276,1.897560975609756,2.1488686846044587,1.6462532666150533
47,background,4,418,52.15783233306586,1.8639952153110049,2.114005266330314,1.613985164291696
47,background,5,349,44.11441463906518,1.8070200573065902,2.038436324006751,1.5756037906064295
47,background,6,70,21.900072097934675,1.8892857142857142,2.145806522921501,1.6327649056499276
47,identity,2,70,26.88513578756465,2.067142857142857,2.382054915042402,1.7522307992433124
47,identity,4,70,17.353294848681134,1.7685714285714285,1.971834742371145,1.5653081147717118
47,identity,6,70,19.939183850689048,1.7621428571428572,1.9956953103970516,1.5285904038886629
47,number,2,69,25.17951339356744,2.1050724637681157,2.4021356693846942,1.8080092581515372
47,number,4,70,25.051315754918573,1.937142857142857,2.2305749402019885,1.6437107740837256
47,number,6,69,20.178936386346297,1.791304347826087,2.029371678006996,1.5532370176451777
47,pose,2,70,27.256385055905515,2.045714285714286,2.3649748755316424,1.7264536958969294
47,pose,4,69,19.515917929515357,1.805072463768116,2.035317625780379,1.5748273017558525
47,pose,6,70,19.06201789726863,1.717857142857143,1.941135140453248,1.494579145261038
48,animacy,2,70,24.05284751716957,1.7307142857142856,2.012451070301378,1.4489775011271933
48,animacy,4,69,19.909598319985207,1.5702898550724638,1.8051795849504126,1.335400125194515
48,animacy,6,69,19.77724636253011,1.558695652173913,1.7920239183278932,1.3253673860199329
48,background,1,1043,101.25381084446312,1.722195589645254,2.0294480003297326,1.4149431789607756
48,background,2,765,75.8681682088636,1.628235294117647,1.8970511963533698,1.3594193918819242
48,background,3,695,74.48302526503323,1.5641726618705036,1.841052276230542,1.2872930475104654
48,background,4,417,49.27244345687076,1.541726618705036,1.7781890485474898,1.3052641888625822
48,background,5,347,38.39586052249849,1.4919308357348704,1.6939282190813159,1.289933452388425
48,background,6,69,14.655518091364625,1.436231884057971,1.6091349547465708,1.2633288133693714
48,identity,2,69,28.243350405100013,1.731159420289855,2.0643692038766455,1.3979496367030646
48,identity,4,70,17.527722402855964,1.5257142857142858,1.731020711383461,1.3204078600451106
48,identity,6,70,29.718813817796335,1.6421428571428571,1.9902464669458793,1.294039247339835
48,number,2,70,22.035258827137643,1.6114285714285714,1.8695328547185461,1.3533242881385967
48,number,4,70,21.332147719247338,1.5678571428571428,1.817725716732543,1.3179885689817428
48,number,6,69,18.123697775361176,1.444927536231884,1.6587475443719244,1.2311075280918438
48,pose,2,69,24.417530372125764,1.6565217391304348,1.9445952110918467,1.3684482671690228
48,pose,4,69,24.308813649633986,1.568840579710145,1.8556314320441345,1.2820497273761555
48,pose,6,70,13.170741097319906,1.4028571428571428,1.5571291992005425,1.2485850865137431
49,animacy,2,70,34.73118574362089,2.1264285714285713,2.53324329843002,1.7196138444271227
49,animacy,4,70,31.768032591535192,2.045,2.4171066018735687,1.6728933981264311
49,animacy,6,70,37.98386083865786,2.17,2.6149140922399337,1.7250859077600662
49,background,1,1041,166.2894907588634,2.2235350624399617,2.728621275729885,1.7184488491500383
49,background,2,762,121.27542598304251,2.04258530183727,2.4731331259929674,1.612037477681573
49,background,3,694,109.85250877522336,1.9789625360230547,2.3876170684733364,1.570308003572773
49,background,4,418,83.26487538983176,1.9551435406698565,2.354260122267729,1.5560269590719842
49,background,5,349,60.06187598941962,1.8439828080229226,2.1590565821214933,1.5289090339243518
49,background,6,69,26.373182152370337,1.7644927536231885,2.075638640759138,1.4533468664872389
49,identity,2,70,44.43650111765043,2.1664285714285714,2.6869239902870197,1.645933152570123
49,identity,4,69,31.84919233876393,2.013768115942029,2.3895189505419236,1.6380172813421348
49,identity,6,70,29.704598261796722,1.8928571428571428,2.2407942424357272,1.5449200432785584
49,number,2,70,33.035666531158334,2.055,2.4419547029114175,1.6680452970885828
49,number,4,67,28.70407086478373,1.8888059701492537,2.232468488204088,1.5451434520944192
49,number,6,70,43.17821087929469,2.0514285714285716,2.557185334268076,1.5456718085890673
49,pose,2,69,29.435433355772176,1.867391304347826,2.214665060385252,1.5201175483104001
49,pose,4,70,32.57832666698909,2.0228571428571427,2.404454914008087,1.6412593717061985
49,pose,6,70,30.92691346720825,1.9336466165413535,2.2959009879306347,1.5713922451520723
50,animacy,2,70,20.694519996722242,1.7128571428571429,1.9552570299510892,1.4704572557631965
50,animacy,4,67,20.618336244073724,1.5776119402985074,1.8244671471825231,1.3307567334144916
50,animacy,6,70,27.70630747111947,1.655,1.979530639215273,1.330469360784727
50,background,1,1038,100.79160366033003,1.8284200385356455,2.1350056395633676,1.5218344375079234
50,background,2,760,70.9895470437281,1.6886842105263158,1.9410402394191473,1.4363281816334843
50,background,3,690,64.271074774206,1.6296376811594202,1.8694199652274064,1.389855397091434
50,background,4,415,41.66628069996674,1.560722891566265,1.7611639847397795,1.3602817983927504
50,background,5,348,36.37248815707886,1.5206896551724138,1.7117671175069868,1.3296121928378408
50,background,6,69,15.644487847162015,1.5065217391304349,1.6910924906563485,1.3219509876045212
50,identity,2,69,26.88195442456167,1.7760869565217392,2.0932352440910744,1.458938668952404
50,identity,4,69,18.019214890309673,1.5557971014492753,1.7683844399868365,1.3432097629117141
50,identity,6,70,16.146288476889893,1.545,1.7341253580370215,1.3558746419629784
50,number,2,69,27.16257099683119,1.8623188405797102,2.1827777901624272,1.5418598909969932
50,number,4,69,21.878913183822984,1.586231884057971,1.8443552236239242,1.3281085444920178
50,number,6,70,14.989206643097349,1.475,1.65057218038834,1.2994278196116602
50,pose,2,70,25.46922807914226,1.6921428571428572,1.9904700477098234,1.393815666575891
50,pose,4,70,17.276695590485925,1.6014285714285714,1.8037946597047707,1.3990624831523721
50,pose,6,69,21.011400414261328,1.6463768115942028,1.8942653972071613,1.3984882259812443
51,animacy,2,60,34.30014577228499,2.32,2.7539567182719185,1.8860432817280812
51,animacy,4,9,17.99393172565041,2.15,2.73780176970458,1.56219823029542
51,animacy,6,10,10.643011050004896,2.13,2.4598303295874855,1.8001696704125143
51,background,1,504,118.6725370615779,2.3887896825396826,2.9068269865939493,1.8707523784854159
51,background,2,266,68.57997636259972,2.156203007518797,2.568284005325615,1.744122009711979
51,background,3,198,51.06574709446431,2.0090909090909093,2.3647412019088674,1.6534406162729514
51,background,4,110,47.389844570551745,2.0377272727272726,2.48053482302748,1.594919722427065
51,background,5,50,20.801125981668953,1.821,2.1092888978638946,1.5327111021361055
51,background,6,10,5.464237800173241,1.5899999999999999,1.7593384838282873,1.4206615161717124
51,identity,2,61,36.12864441642422,2.1508196721311474,2.6041479650449797,1.6974913792173154
51,identity,4,59,28.207641741761734,1.9991525423728813,2.359040114023206,1.6392649707225568
51,identity,6,10,4.583724066279456,1.54,1.6820510805086826,1.3979489194913175
51,number,2,59,29.040942060984758,2.0669491525423727,2.4374683973785,1.6964299077062455
51,number,4,10,6.887249852177268,1.705,1.918438084205874,1.4915619157941262
51,number,6,10,17.781791396345813,2.455,3.0060634245662987,1.9039365754337012
51,pose,2,58,38.563515618290104,2.442241379310345,2.9384778713983963,1.9460048872222937
51,pose,4,10,14.17401254334662,2.1750000000000003,2.61425719956356,1.7357428004364404
51,pose,6,10,9.509413618537216,1.885,2.179699781222572,1.5903002187774282
52,animacy,2,70,15.383176046030217,1.5814285714285714,1.7616154101324712,1.4012417327246716
52,animacy,4,70,14.421931398504082,1.542142857142857,1.7110704062344877,1.3732153080512264
52,animacy,6,70,12.80008223657793,1.4928571428571429,1.6427875828688538,1.342926702845432
52,background,1,1048,67.73116362735686,1.7194656488549618,1.9245034667564092,1.5144278309535144
52,background,2,768,54.99811001537378,1.6572265625,1.8517147509365672,1.4627383740634328
52,background,3,698,48.2643760966616,1.5976361031518624,1.776665793667039,1.418606412636686
52,background,4,419,34.535031794579716,1.5539379474940334,1.719278324812499,1.3885975701755677
52,background,5,350,29.216388695748364,1.5172857142857143,1.670330517495342,1.3642409110760867
52,background,6,70,13.979402140668473,1.5364285714285715,1.7001726689517622,1.3726844739053807
52,identity,2,70,16.73776065006748,1.6714285714285715,1.867481985203062,1.475375157654081
52,identity,4,70,14.585410879584977,1.637857142857143,1.8086995664064784,1.4670147193078074
52,identity,6,70,16.23827512229573,1.6735714285714285,1.8637742482970543,1.4833686088458027
52,number,2,70,16.48380385328836,1.6742857142857144,1.8673644710555606,1.4812069575158682
52,number,4,69,13.24446259663578,1.508695652173913,1.664951353153052,1.352439951194774
52,number,6,70,14.029292663266347,1.5414285714285714,1.7057570486352096,1.3771000942219331
52,pose,2,70,16.26677272039055,1.6721428571428572,1.8626794760849774,1.481606238200737
52,pose,4,70,13.585402382511047,1.54,1.699129083649589,1.3808709163504111
52,pose,6,70,11.827376805752962,1.4235714285714285,1.5621083360612453,1.2850345210816116
53,animacy,2,70,28.986612154760795,2.190714285714286,2.5302414414377776,1.851187129990794
53,animacy,4,70,30.630007646441303,2.175,2.5337766421429473,1.8162233578570526
53,animacy,6,70,23.633829455609646,2.027142857142857,2.3039715824549076,1.7503141318308066
53,background,1,1045,123.74045417728189,2.3039234449760766,2.6790515784918445,1.9287953114603085
53,background,2,768,96.5801684993789,2.177018229166667,2.5185518201408286,1.835484638192505
53,background,3,698,84.44908151318789,2.0689111747851,2.382162772553971,1.7556595770162293
53,background,4,419,61.58601174053458,2.0004773269689737,2.2953273354846053,1.705627318453342
53,background,5,349,55.10642812823774,1.948567335243553,2.237645723179922,1.6594889473071845
53,background,6,70,21.890937802998227,1.9007142857142858,2.157128102157858,1.6443004692707137
53,identity,2,69,27.410188271017613,2.177536231884058,2.500916523912362,1.854155939855754
53,identity,4,70,25.43800513529231,2.0807142857142855,2.3786757544348323,1.782752816993739
53,identity,6,70,23.773824615364376,1.8571428571428572,2.1356113794119582,1.5786743348737562
53,number,2,69,25.388559379539853,2.091304347826087,2.390833839019499,1.791774856632675
53,number,4,70,26.91062204683066,2.0821428571428573,2.3973534417233546,1.76693227256236
53,number,6,69,22.724320382403196,1.892753623188406,2.1608509193013403,1.6246563270754715
53,pose,2,69,29.121026948346376,2.1978260869565216,2.5413905348037362,1.854261639109307
53,pose,4,69,26.00698286796715,2.0681159420289856,2.374941478266212,1.761290405791759
53,pose,6,70,27.33447793923503,2.0242857142857145,2.344461024816811,1.7041104037546178
