param_id,trial_type,trial_number,total_trial_number,mean_sample
0,background,1,2,37.49166666666667
0,background,1,4,37.17
0,background,1,6,35.78
0,background,2,2,15.816666666666666
0,background,2,4,15.448333333333332
0,background,2,6,16.330000000000002
0,background,3,4,10.69
0,background,3,6,12.183333333333334
0,background,4,4,8.425
0,background,4,6,10.333333333333334
0,background,5,6,8.016666666666667
0,background,6,6,7.2
0,deviant,2,2,15.816666666666666
0,deviant,4,4,8.425
0,deviant,6,6,7.2
1,background,1,2,67.92833333333333
1,background,1,4,63.36666666666667
1,background,1,6,71.06
1,background,2,2,26.546666666666667
1,background,2,4,23.901666666666667
1,background,2,6,25.212982456140352
1,background,3,4,14.771666666666667
1,background,3,6,14.889912280701754
1,background,4,4,13.201666666666666
1,background,4,6,13.206052631578947
1,background,5,6,11.42987329434698
1,background,6,6,9.20835282651072
1,deviant,2,2,26.546666666666667
1,deviant,4,4,13.201666666666666
1,deviant,6,6,9.20835282651072
2,background,1,2,40.098333333333336
2,background,1,4,42.36206896551724
2,background,1,6,41.278333333333336
2,background,2,2,13.895
2,background,2,4,14.893103448275863
2,background,2,6,14.298333333333334
2,background,3,4,9.944827586206896
2,background,3,6,9.876666666666667
2,background,4,4,8.03103448275862
2,background,4,6,7.818333333333333
2,background,5,6,6.888333333333334
2,background,6,6,6.093333333333334
2,deviant,2,2,13.895
2,deviant,4,4,8.03103448275862
2,deviant,6,6,6.093333333333334
3,background,1,2,68.74666666666667
3,background,1,4,71.57333333333334
3,background,1,6,71.695
3,background,2,2,24.67
3,background,2,4,22.175
3,background,2,6,23.655
3,background,3,4,15.58
3,background,3,6,15.756052631578948
3,background,4,4,12.385
3,background,4,6,11.82736842105263
3,background,5,6,10.338245614035088
3,background,6,6,9.052719298245615
3,deviant,2,2,24.67
3,deviant,4,4,12.385
3,deviant,6,6,9.052719298245615
4,background,1,2,40.51833333333333
4,background,1,4,38.61
4,background,1,6,41.269999999999996
4,background,2,2,13.69
4,background,2,4,14.403333333333332
4,background,2,6,13.74
4,background,3,4,9.42
4,background,3,6,10.076666666666666
4,background,4,4,8.129999999999999
4,background,4,6,7.828333333333333
4,background,5,6,7.348333333333334
4,background,6,6,6.065
4,deviant,2,2,13.69
4,deviant,4,4,8.129999999999999
4,deviant,6,6,6.065
5,background,1,2,76.83375
5,background,1,4,72.39125
5,background,1,6,72.43875
5,background,2,2,25.10125
5,background,2,4,23.265
5,background,2,6,21.74375
5,background,3,4,16.1275
5,background,3,6,15.4775
5,background,4,4,13.616249999999999
5,background,4,6,12.76375
5,background,5,6,10.5
5,background,6,6,9.83
5,deviant,2,2,25.10125
5,deviant,4,4,13.616249999999999
5,deviant,6,6,9.83
6,background,1,2,33.78333333333333
6,background,1,4,33.1
6,background,1,6,32.93333333333333
6,background,2,2,14.043333333333333
6,background,2,4,14.893333333333333
6,background,2,6,14.35
6,background,3,4,11.166666666666666
6,background,3,6,10.586666666666666
6,background,4,4,7.983333333333333
6,background,4,6,8.671666666666667
6,background,5,6,6.7299999999999995
6,background,6,6,6.973333333333334
6,deviant,2,2,14.043333333333333
6,deviant,4,4,7.983333333333333
6,deviant,6,6,6.973333333333334
7,background,1,2,64.545
7,background,1,4,66.22333333333333
7,background,1,6,62.278333333333336
7,background,2,2,24.126666666666665
7,background,2,4,24.951666666666668
7,background,2,6,26.02166666666667
7,background,3,4,16.538333333333334
7,background,3,6,16.782105263157895
7,background,4,4,13.245964912280701
7,background,4,6,14.69280701754386
7,background,5,6,13.163947368421052
7,background,6,6,11.060614035087719
7,deviant,2,2,24.126666666666665
7,deviant,4,4,13.245964912280701
7,deviant,6,6,11.060614035087719
8,background,1,2,39.91833333333334
8,background,1,4,38.88666666666667
8,background,1,6,38.593333333333334
8,background,2,2,14.135
8,background,2,4,13.923333333333334
8,background,2,6,12.983333333333334
8,background,3,4,9.501666666666667
8,background,3,6,9.695
8,background,4,4,7.838333333333334
8,background,4,6,7.411666666666667
8,background,5,6,7.266666666666667
8,background,6,6,6.151666666666666
8,deviant,2,2,14.135
8,deviant,4,4,7.838333333333334
8,deviant,6,6,6.151666666666666
9,background,1,2,69.33833333333334
9,background,1,4,70.275
9,background,1,6,67.84
9,background,2,2,23.133333333333333
9,background,2,4,22.28
9,background,2,6,21.361666666666668
9,background,3,4,15.298333333333334
9,background,3,6,14.32
9,background,4,4,12.061666666666667
9,background,4,6,11.676666666666666
9,background,5,6,10.746666666666666
9,background,6,6,9.765
9,deviant,2,2,23.133333333333333
9,deviant,4,4,12.061666666666667
9,deviant,6,6,9.765
10,background,1,2,39.663333333333334
10,background,1,4,39.07
10,background,1,6,39.111666666666665
10,background,2,2,13.168333333333333
10,background,2,4,14.333333333333334
10,background,2,6,13.38
10,background,3,4,10.086666666666666
10,background,3,6,9.545
10,background,4,4,7.483333333333333
10,background,4,6,7.726666666666667
10,background,5,6,6.848333333333334
10,background,6,6,6.01
10,deviant,2,2,13.168333333333333
10,deviant,4,4,7.483333333333333
10,deviant,6,6,6.01
11,background,1,2,70.24333333333334
11,background,1,4,68.62833333333333
11,background,1,6,70.195
11,background,2,2,20.48
11,background,2,4,21.626666666666665
11,background,2,6,20.78
11,background,3,4,14.675
11,background,3,6,15.023333333333333
11,background,4,4,11.42
11,background,4,6,12.318333333333333
11,background,5,6,10.895
11,background,6,6,9.186666666666667
11,deviant,2,2,20.48
11,deviant,4,4,11.42
11,deviant,6,6,9.186666666666667
12,background,1,2,29.526666666666667
12,background,1,4,30.746666666666666
12,background,1,6,29.731666666666666
12,background,2,2,12.671666666666667
12,background,2,4,13.04
12,background,2,6,12.745
12,background,3,4,10.541666666666666
12,background,3,6,8.016666666666667
12,background,4,4,7.76
12,background,4,6,7.495
12,background,5,6,6.321666666666666
12,background,6,6,5.778333333333333
12,deviant,2,2,12.671666666666667
12,deviant,4,4,7.76
12,deviant,6,6,5.778333333333333
13,background,1,2,62.641666666666666
13,background,1,4,62.125
13,background,1,6,62.00666666666667
13,background,2,2,20.176666666666666
13,background,2,4,20.11
13,background,2,6,20.116666666666667
13,background,3,4,14.06
13,background,3,6,12.584999999999999
13,background,4,4,12.146666666666667
13,background,4,6,11.986666666666666
13,background,5,6,9.661666666666667
13,background,6,6,9.587105263157895
13,deviant,2,2,20.176666666666666
13,deviant,4,4,12.146666666666667
13,deviant,6,6,9.587105263157895
14,background,1,2,36.22
14,background,1,4,35.975
14,background,1,6,36.66833333333333
14,background,2,2,12.391666666666667
14,background,2,4,12.176666666666666
14,background,2,6,13.045
14,background,3,4,8.043333333333333
14,background,3,6,8.5216666666666665
14,background,4,4,6.843333333333334
14,background,4,6,6.656666666666667
14,background,5,6,5.971666666666667
14,background,6,6,5.54
14,deviant,2,2,12.391666666666667
14,deviant,4,4,6.843333333333334
14,deviant,6,6,5.54
15,background,1,2,67.10333333333334
15,background,1,4,67.62666666666667
15,background,1,6,64.40333333333334
15,background,2,2,21.003333333333334
15,background,2,4,18.44
15,background,2,6,20.406666666666666
15,background,3,4,13.441666666666666
15,background,3,6,12.49
15,background,4,4,11.36
15,background,4,6,10.93
15,background,5,6,9.296666666666667
15,background,6,6,8.606666666666667
15,deviant,2,2,21.003333333333334
15,deviant,4,4,11.36
15,deviant,6,6,8.606666666666667
16,background,1,2,37.325
16,background,1,4,38.095
16,background,1,6,37.373333333333335
16,background,2,2,11.923333333333334
16,background,2,4,12.385
16,background,2,6,11.501666666666667
16,background,3,4,8.05
16,background,3,6,8.216666666666667
16,background,4,4,6.703333333333333
16,background,4,6,6.591666666666667
16,background,5,6,5.841666666666667
16,background,6,6,5.378333333333333
16,deviant,2,2,11.923333333333334
16,deviant,4,4,6.703333333333333
16,deviant,6,6,5.378333333333333
17,background,1,2,67.08666666666667
17,background,1,4,67.85333333333334
17,background,1,6,64.88166666666666
17,background,2,2,21.16
17,background,2,4,19.455
17,background,2,6,20.483333333333334
17,background,3,4,13.495
17,background,3,6,13.555
17,background,4,4,10.631666666666666
17,background,4,6,11.11
17,background,5,6,9.446666666666667
17,background,6,6,8.053333333333333
17,deviant,2,2,21.16
17,deviant,4,4,10.631666666666666
17,deviant,6,6,8.053333333333333
18,background,1,2,36.095
18,background,1,4,39.153333333333336
18,background,1,6,40.49
18,background,2,2,15.936666666666667
18,background,2,4,16.35
18,background,2,6,15.45
18,background,3,4,11.334999999999999
18,background,3,6,11.531666666666666
18,background,4,4,8.85
18,background,4,6,9.105
18,background,5,6,7.83
18,background,6,6,7.368333333333333
18,deviant,2,2,15.936666666666667
18,deviant,4,4,8.85
18,deviant,6,6,7.368333333333333
19,background,1,2,68.72666666666666
19,background,1,4,69.425
19,background,1,6,69.16666666666667
19,background,2,2,24.285
19,background,2,4,24.04
19,background,2,6,25.08824561403509
19,background,3,4,17.483333333333334
19,background,3,6,16.538245614035088
19,background,4,4,14.27342105263158
19,background,4,6,14.976929824561404
19,background,5,6,10.930526315789473
19,background,6,6,10.053849902534113
19,deviant,2,2,24.285
19,deviant,4,4,14.27342105263158
19,deviant,6,6,10.053849902534113
20,background,1,2,42.39333333333333
20,background,1,4,40.69833333333333
20,background,1,6,40.55166666666667
20,background,2,2,13.743333333333334
20,background,2,4,13.988333333333333
20,background,2,6,13.799999999999999
20,background,3,4,10.25
20,background,3,6,9.823333333333334
20,background,4,4,7.59
20,background,4,6,7.68
20,background,5,6,6.265
20,background,6,6,6.086666666666667
20,deviant,2,2,13.743333333333334
20,deviant,4,4,7.59
20,deviant,6,6,6.086666666666667
21,background,1,2,71.545
21,background,1,4,78.685
21,background,1,6,72.81833333333333
21,background,2,2,20.886666666666667
21,background,2,4,24.15833333333333
21,background,2,6,23.175
21,background,3,4,16.686666666666667
21,background,3,6,15.342280701754387
21,background,4,4,12.776666666666667
21,background,4,6,12.273333333333333
21,background,5,6,10.743771929824561
21,background,6,6,9.659298245614035
21,deviant,2,2,20.886666666666667
21,deviant,4,4,12.776666666666667
21,deviant,6,6,9.659298245614035
22,background,1,2,43.765
22,background,1,4,42.16833333333334
22,background,1,6,41.79833333333333
22,background,2,2,13.196666666666667
22,background,2,4,13.841666666666667
22,background,2,6,13.165000000000001
22,background,3,4,9.698333333333334
22,background,3,6,9.375
22,background,4,4,7.785
22,background,4,6,7.558333333333334
22,background,5,6,6.948333333333333
22,background,6,6,5.708333333333333
22,deviant,2,2,13.196666666666667
22,deviant,4,4,7.785
22,deviant,6,6,5.708333333333333
23,background,1,2,76.3
23,background,1,4,72.61333333333333
23,background,1,6,77.27333333333334
23,background,2,2,23.173333333333332
23,background,2,4,22.29
23,background,2,6,23.708333333333332
23,background,3,4,15.863333333333333
23,background,3,6,16.080000000000002
23,background,4,4,13.011666666666667
23,background,4,6,13.3
23,background,5,6,11.763333333333334
23,background,6,6,9.040438596491228
23,deviant,2,2,23.173333333333332
23,deviant,4,4,13.011666666666667
23,deviant,6,6,9.040438596491228
24,background,1,2,34.916666666666664
24,background,1,4,34.685
24,background,1,6,34.056666666666665
24,background,2,2,14.948333333333332
24,background,2,4,14.798333333333334
24,background,2,6,12.656666666666666
24,background,3,4,9.935
24,background,3,6,10.92
24,background,4,4,7.78
24,background,4,6,8.381666666666666
24,background,5,6,7.406666666666666
24,background,6,6,6.798333333333334
24,deviant,2,2,14.948333333333332
24,deviant,4,4,7.78
24,deviant,6,6,6.798333333333334
25,background,1,2,66.43260869565218
25,background,1,4,61.981249999999996
25,background,1,6,65.94
25,background,2,2,24.297826086956523
25,background,2,4,25.0025
25,background,2,6,22.54875
25,background,3,4,17.48875
25,background,3,6,16.23125
25,background,4,4,14.475
25,background,4,6,12.863684210526316
25,background,5,6,10.660555555555556
25,background,6,6,10.702387770897833
25,deviant,2,2,24.297826086956523
25,deviant,4,4,14.475
25,deviant,6,6,10.702387770897833
26,background,1,2,38.925
26,background,1,4,40.971666666666664
26,background,1,6,40.60333333333333
26,background,2,2,14.015
26,background,2,4,12.613333333333333
26,background,2,6,13.776666666666667
26,background,3,4,9.01
26,background,3,6,9.6
26,background,4,4,7.45
26,background,4,6,8.133333333333333
26,background,5,6,6.631666666666667
26,background,6,6,5.825
26,deviant,2,2,14.015
26,deviant,4,4,7.45
26,deviant,6,6,5.825
27,background,1,2,72.50333333333333
27,background,1,4,71.36166666666666
27,background,1,6,71.98833333333333
27,background,2,2,22.055
27,background,2,4,21.53333333333333
27,background,2,6,22.485
27,background,3,4,15.096666666666666
27,background,3,6,15.121666666666666
27,background,4,4,12.451666666666666
27,background,4,6,12.84
27,background,5,6,11.203333333333333
27,background,6,6,9.565
27,deviant,2,2,22.055
27,deviant,4,4,12.451666666666666
27,deviant,6,6,9.565
28,background,1,2,39.163333333333334
28,background,1,4,40.111666666666665
28,background,1,6,38.855
28,background,2,2,13.495000000000001
28,background,2,4,13.336666666666666
28,background,2,6,13.106666666666667
28,background,3,4,9.72
28,background,3,6,9.143333333333333
28,background,4,4,7.958333333333333
28,background,4,6,7.92
28,background,5,6,7.098333333333334
28,background,6,6,6.138333333333334
28,deviant,2,2,13.495000000000001
28,deviant,4,4,7.958333333333333
28,deviant,6,6,6.138333333333334
29,background,1,2,73.56375
29,background,1,4,71.66125
29,background,1,6,72.2875
29,background,2,2,22.52875
29,background,2,4,22.40125
29,background,2,6,22.8
29,background,3,4,15.41625
29,background,3,6,16.03625
29,background,4,4,12.2075
29,background,4,6,12.38125
29,background,5,6,10.47
29,background,6,6,9.74532894736842
29,deviant,2,2,22.52875
29,deviant,4,4,12.2075
29,deviant,6,6,9.74532894736842
30,background,1,2,29.233333333333334
30,background,1,4,31.716666666666665
30,background,1,6,29.088333333333335
30,background,2,2,11.54
30,background,2,4,12.191666666666666
30,background,2,6,14.231666666666667
30,background,3,4,9.316666666666666
30,background,3,6,8.768333333333333
30,background,4,4,7.486666666666666
30,background,4,6,7.576666666666667
30,background,5,6,6.915
30,background,6,6,6.468333333333334
30,deviant,2,2,11.54
30,deviant,4,4,7.486666666666666
30,deviant,6,6,6.468333333333334
31,background,1,2,64.41666666666667
31,background,1,4,63.905
31,background,1,6,59.33793103448276
31,background,2,2,19.626666666666665
31,background,2,4,21.44
31,background,2,6,22.425499092558983
31,background,3,4,13.053333333333333
31,background,3,6,13.243738656987295
31,background,4,4,11.578333333333333
31,background,4,6,11.758802177858438
31,background,5,6,10.042105263157895
31,background,6,6,9.42513611615245
31,deviant,2,2,19.626666666666665
31,deviant,4,4,11.578333333333333
31,deviant,6,6,9.42513611615245
32,background,1,2,35.16833333333334
32,background,1,4,36.555
32,background,1,6,37.31333333333333
32,background,2,2,12.01
32,background,2,4,12.486666666666666
32,background,2,6,11.866666666666667
32,background,3,4,8.658333333333333
32,background,3,6,8.291666666666666
32,background,4,4,6.841666666666667
32,background,4,6,6.995
32,background,5,6,5.601666666666667
32,background,6,6,5.4366666666666665
32,deviant,2,2,12.01
32,deviant,4,4,6.841666666666667
32,deviant,6,6,5.4366666666666665
33,background,1,2,63.565
33,background,1,4,65.47833333333334
33,background,1,6,67.42166666666667
33,background,2,2,21.43166666666667
33,background,2,4,18.846666666666668
33,background,2,6,19.911666666666665
33,background,3,4,13.29
33,background,3,6,14.843333333333334
33,background,4,4,11.208333333333334
33,background,4,6,10.426666666666666
33,background,5,6,9.37
33,background,6,6,8.078333333333333
33,deviant,2,2,21.43166666666667
33,deviant,4,4,11.208333333333334
33,deviant,6,6,8.078333333333333
34,background,1,2,35.836666666666666
34,background,1,4,37.74
34,background,1,6,37.065
34,background,2,2,11.584999999999999
34,background,2,4,12.02
34,background,2,6,11.591666666666667
34,background,3,4,8.805
34,background,3,6,7.983333333333333
34,background,4,4,7.24
34,background,4,6,6.403333333333333
34,background,5,6,5.863333333333333
34,background,6,6,5.281666666666666
34,deviant,2,2,11.584999999999999
34,deviant,4,4,7.24
34,deviant,6,6,5.281666666666666
35,background,1,2,68.045
35,background,1,4,69.79166666666667
35,background,1,6,65.285
35,background,2,2,19.488333333333333
35,background,2,4,19.241666666666667
35,background,2,6,21.676666666666666
35,background,3,4,13.296666666666667
35,background,3,6,14.25
35,background,4,4,10.681666666666667
35,background,4,6,11.061666666666667
35,background,5,6,9.666666666666666
35,background,6,6,8.836666666666666
35,deviant,2,2,19.488333333333333
35,deviant,4,4,10.681666666666667
35,deviant,6,6,8.836666666666666
36,background,1,2,31.275
36,background,1,4,35.43333333333334
36,background,1,6,33.096666666666664
36,background,2,2,14.625
36,background,2,4,14.978333333333333
36,background,2,6,13.976666666666667
36,background,3,4,10.751666666666667
36,background,3,6,11.883333333333333
36,background,4,4,8.338333333333333
36,background,4,6,7.595
36,background,5,6,8.093333333333334
36,background,6,6,5.846666666666667
36,deviant,2,2,14.625
36,deviant,4,4,8.338333333333333
36,deviant,6,6,5.846666666666667
37,background,1,2,60.501666666666665
37,background,1,4,57.94166666666667
37,background,1,6,64.46
37,background,2,2,22.52
37,background,2,4,23.908333333333335
37,background,2,6,21.596666666666668
37,background,3,4,16.566666666666666
37,background,3,6,15.438333333333333
37,background,4,4,12.868070175438596
37,background,4,6,13.678235867446393
37,background,5,6,10.151539961013645
37,background,6,6,9.69888888888889
37,deviant,2,2,22.52
37,deviant,4,4,12.868070175438596
37,deviant,6,6,9.69888888888889
38,background,1,2,36.795
38,background,1,4,35.49
38,background,1,6,36.98833333333334
38,background,2,2,13.196666666666667
38,background,2,4,14.218333333333334
38,background,2,6,13.495000000000001
38,background,3,4,9.195
38,background,3,6,9.543333333333333
38,background,4,4,7.576666666666666
38,background,4,6,7.555
38,background,5,6,6.803333333333333
38,background,6,6,6.196666666666666
38,deviant,2,2,13.196666666666667
38,deviant,4,4,7.576666666666666
38,deviant,6,6,6.196666666666666
39,background,1,2,67.68666666666667
39,background,1,4,66.905
39,background,1,6,67.08500000000001
39,background,2,2,22.12333333333333
39,background,2,4,21.1
39,background,2,6,22.425
39,background,3,4,15.715526315789473
39,background,3,6,16.715
39,background,4,4,11.485964912280702
39,background,4,6,13.106666666666667
39,background,5,6,10.416666666666666
39,background,6,6,9.108333333333333
39,deviant,2,2,22.12333333333333
39,deviant,4,4,11.485964912280702
39,deviant,6,6,9.108333333333333
40,background,1,2,38.85166666666667
40,background,1,4,35.59166666666667
40,background,1,6,38.13166666666667
40,background,2,2,13.726666666666667
40,background,2,4,13.396666666666667
40,background,2,6,13.966666666666667
40,background,3,4,9.758333333333333
40,background,3,6,8.925
40,background,4,4,8.006666666666666
40,background,4,6,7.583333333333333
40,background,5,6,6.926666666666667
40,background,6,6,5.631666666666667
40,deviant,2,2,13.726666666666667
40,deviant,4,4,8.006666666666666
40,deviant,6,6,5.631666666666667
41,background,1,2,68.18666666666667
41,background,1,4,66.73833333333333
41,background,1,6,67.14
41,background,2,2,23.291666666666668
41,background,2,4,21.553333333333335
41,background,2,6,23.008333333333333
41,background,3,4,14.703333333333333
41,background,3,6,14.9
41,background,4,4,12.166666666666666
41,background,4,6,11.415000000000001
41,background,5,6,9.175
41,background,6,6,9.079824561403509
41,deviant,2,2,23.291666666666668
41,deviant,4,4,12.166666666666666
41,deviant,6,6,9.079824561403509
42,background,1,2,36.70666666666666
42,background,1,4,29.67
42,background,1,6,31.345
42,background,2,2,14.473333333333333
42,background,2,4,14.281666666666666
42,background,2,6,14.176666666666668
42,background,3,4,8.868333333333334
42,background,3,6,8.37
42,background,4,4,8.191666666666666
42,background,4,6,7.641666666666667
42,background,5,6,6.943333333333333
42,background,6,6,6.336666666666667
42,deviant,2,2,14.473333333333333
42,deviant,4,4,8.191666666666666
42,deviant,6,6,6.336666666666667
43,background,1,2,62.236666666666665
43,background,1,4,62.593333333333334
43,background,1,6,73.22833333333334
43,background,2,2,23.193333333333335
43,background,2,4,20.983333333333334
43,background,2,6,24.161666666666665
43,background,3,4,14.352280701754387
43,background,3,6,15.924473684210525
43,background,4,4,12.412807017543859
43,background,4,6,12.415087719298246
43,background,5,6,10.18157894736842
43,background,6,6,9.578859649122807
43,deviant,2,2,23.193333333333335
43,deviant,4,4,12.412807017543859
43,deviant,6,6,9.578859649122807
44,background,1,2,39.9
44,background,1,4,38.733333333333334
44,background,1,6,39.965
44,background,2,2,13.658333333333333
44,background,2,4,13.568333333333333
44,background,2,6,13.13
44,background,3,4,9.795
44,background,3,6,9.086666666666666
44,background,4,4,7.293333333333333
44,background,4,6,7.555
44,background,5,6,6.118333333333333
44,background,6,6,5.435
44,deviant,2,2,13.658333333333333
44,deviant,4,4,7.293333333333333
44,deviant,6,6,5.435
45,background,1,2,65.55333333333333
45,background,1,4,67.34166666666667
45,background,1,6,68.20833333333333
45,background,2,2,22.465
45,background,2,4,21.55666666666667
45,background,2,6,21.47
45,background,3,4,14.413333333333334
45,background,3,6,13.873333333333333
45,background,4,4,12.47982456140351
45,background,4,6,11.84
45,background,5,6,9.8533333333333335
45,background,6,6,8.016929824561403
45,deviant,2,2,22.465
45,deviant,4,4,12.47982456140351
45,deviant,6,6,8.016929824561403
46,background,1,2,41.68833333333333
46,background,1,4,39.57833333333333
46,background,1,6,41.92068965517242
46,background,2,2,13.861666666666666
46,background,2,4,12.493333333333332
46,background,2,6,14.072413793103449
46,background,3,4,8.381666666666666
46,background,3,6,9.6
46,background,4,4,7.205
46,background,4,6,7.577586206896552
46,background,5,6,6.665517241379311
46,background,6,6,5.841379310344828
46,deviant,2,2,13.861666666666666
46,deviant,4,4,7.205
46,deviant,6,6,5.841379310344828
47,background,1,2,74.12666666666667
47,background,1,4,70.87166666666667
47,background,1,6,72.39999999999999
47,background,2,2,24.321666666666665
47,background,2,4,22.778333333333332
47,background,2,6,21.816666666666666
47,background,3,4,15.035
47,background,3,6,14.711666666666666
47,background,4,4,11.47
47,background,4,6,12.655
47,background,5,6,9.755
47,background,6,6,8.928333333333333
47,deviant,2,2,24.321666666666665
47,deviant,4,4,11.47
47,deviant,6,6,8.928333333333333
48,background,1,2,35.858333333333334
48,background,1,4,32.526666666666664
48,background,1,6,32.531666666666666
48,background,2,2,13.205
48,background,2,4,12.26
48,background,2,6,13.455
48,background,3,4,10.008333333333333
48,background,3,6,8.665
48,background,4,4,8.331666666666667
48,background,4,6,7.996666666666667
48,background,5,6,7.17
48,background,6,6,5.85
48,deviant,2,2,13.205
48,deviant,4,4,8.331666666666667
48,deviant,6,6,5.85
49,background,1,2,63.693333333333335
49,background,1,4,65.105
49,background,1,6,69.24
49,background,2,2,23.43
49,background,2,4,24.665
49,background,2,6,21.953333333333333
49,background,3,4,16.02166666666667
49,background,3,6,15.859912280701755
49,background,4,4,13.168333333333333
49,background,4,6,10.711754385964912
49,background,5,6,10.293245614035088
49,background,6,6,8.263333333333334
49,deviant,2,2,23.43
49,deviant,4,4,13.168333333333333
49,deviant,6,6,8.263333333333334
50,background,1,2,39.451
50,background,1,4,39.717045454545456
50,background,1,6,38.13375
50,background,2,2,13.305
50,background,2,4,12.118181818181819
50,background,2,6,12.7775
50,background,3,4,9.057954545454546
50,background,3,6,8.63375
50,background,4,4,6.928409090909091
50,background,4,6,6.9225
50,background,5,6,6.11625
50,background,6,6,5.2475
50,deviant,2,2,13.305
50,deviant,4,4,6.928409090909091
50,deviant,6,6,5.2475
51,background,1,2,69.72127659574468
51,background,1,4,68.51125
51,background,1,6,68.615
51,background,2,2,21.386170212765958
51,background,2,4,21.915
51,background,2,6,20.86
51,background,3,4,14.5375
51,background,3,6,14.341666666666667
51,background,4,4,12.27625
51,background,4,6,11.791666666666666
51,background,5,6,9.685
51,background,6,6,8.988333333333333
51,deviant,2,2,21.386170212765958
51,deviant,4,4,12.27625
51,deviant,6,6,8.988333333333333
52,background,1,2,39.64833333333333
52,background,1,4,38.56
52,background,1,6,40.57
52,background,2,2,14.361666666666666
52,background,2,4,12.733333333333333
52,background,2,6,12.468333333333334
52,background,3,4,8.871666666666666
52,background,3,6,9.121666666666666
52,background,4,4,6.86
52,background,4,6,7.066666666666666
52,background,5,6,6.371666666666667
52,background,6,6,5.61
52,deviant,2,2,14.361666666666666
52,deviant,4,4,6.86
52,deviant,6,6,5.61
53,background,1,2,71.20555555555555
53,background,1,4,68.78833333333333
53,background,1,6,68.245
53,background,2,2,21.530555555555555
53,background,2,4,19.851666666666667
53,background,2,6,19.583333333333332
53,background,3,4,14.476666666666667
53,background,3,6,13.328333333333333
53,background,4,4,11.158333333333333
53,background,4,6,11.296666666666667
53,background,5,6,9.303333333333333
53,background,6,6,8.56
53,deviant,2,2,21.530555555555555
53,deviant,4,4,11.158333333333333
53,deviant,6,6,8.56
54,background,1,2,35.156666666666666
54,background,1,4,34.46666666666667
54,background,1,6,34.431666666666665
54,background,2,2,14.765
54,background,2,4,14.326666666666666
54,background,2,6,16.283333333333335
54,background,3,4,8.766666666666667
54,background,3,6,11.055
54,background,4,4,7.581666666666667
54,background,4,6,9.246666666666666
54,background,5,6,7.921666666666667
54,background,6,6,7.741666666666666
54,deviant,2,2,14.765
54,deviant,4,4,7.581666666666667
54,deviant,6,6,7.741666666666666
55,background,1,2,61.795
55,background,1,4,70.48
55,background,1,6,69.50333333333333
55,background,2,2,22.718333333333334
55,background,2,4,26.081666666666667
55,background,2,6,24.885
55,background,3,4,16.613333333333333
55,background,3,6,15.894912280701755
55,background,4,4,13.283333333333333
55,background,4,6,12.99561403508772
55,background,5,6,11.72140350877193
55,background,6,6,9.894424951267057
55,deviant,2,2,22.718333333333334
55,deviant,4,4,13.283333333333333
55,deviant,6,6,9.894424951267057
56,background,1,2,43.17666666666667
56,background,1,4,41.97666666666667
56,background,1,6,41.33833333333333
56,background,2,2,14.921666666666667
56,background,2,4,12.855
56,background,2,6,13.178333333333333
56,background,3,4,9.581666666666667
56,background,3,6,8.983333333333333
56,background,4,4,7.533333333333333
56,background,4,6,7.628333333333333
56,background,5,6,6.6033333333333335
56,background,6,6,5.91
56,deviant,2,2,14.921666666666667
56,deviant,4,4,7.533333333333333
56,deviant,6,6,5.91
57,background,1,2,69.16333333333333
57,background,1,4,73.39666666666666
57,background,1,6,74.715
57,background,2,2,22.53
57,background,2,4,21.69333333333333
57,background,2,6,22.473333333333333
57,background,3,4,16.071666666666665
57,background,3,6,16.19
57,background,4,4,12.425
57,background,4,6,12.843333333333334
57,background,5,6,11.36921052631579
57,background,6,6,9.934298245614036
57,deviant,2,2,22.53
57,deviant,4,4,12.425
57,deviant,6,6,9.934298245614036
58,background,1,2,39.855
58,background,1,4,41.36666666666667
58,background,1,6,40.748333333333335
58,background,2,2,12.526666666666667
58,background,2,4,14.195
58,background,2,6,13.776666666666667
58,background,3,4,11.181666666666667
58,background,3,6,9.813333333333333
58,background,4,4,8.796666666666667
58,background,4,6,7.79
58,background,5,6,7.181666666666667
58,background,6,6,6.098333333333334
58,deviant,2,2,12.526666666666667
58,deviant,4,4,8.796666666666667
58,deviant,6,6,6.098333333333334
59,background,1,2,70.92
59,background,1,4,75.39333333333333
59,background,1,6,72.83
59,background,2,2,20.72
59,background,2,4,23.143333333333334
59,background,2,6,21.601666666666667
59,background,3,4,17.101666666666667
59,background,3,6,15.151052631578947
59,background,4,4,14.483333333333333
59,background,4,6,12.023947368421053
59,background,5,6,10.345438596491228
59,background,6,6,9.159736842105263
59,deviant,2,2,20.72
59,deviant,4,4,14.483333333333333
59,deviant,6,6,9.159736842105263
60,background,1,2,34.865
60,background,1,4,35.26166666666667
60,background,1,6,35.901666666666664
60,background,2,2,15.166666666666666
60,background,2,4,13.578333333333333
60,background,2,6,13.86
60,background,3,4,9.958333333333334
60,background,3,6,10.39
60,background,4,4,8.208333333333334
60,background,4,6,8.18
60,background,5,6,8.221666666666668
60,background,6,6,6.963333333333333
60,deviant,2,2,15.166666666666666
60,deviant,4,4,8.208333333333334
60,deviant,6,6,6.963333333333333
61,background,1,2,62.798863636363635
61,background,1,4,62.31290322580645
61,background,1,6,67.22666666666667
61,background,2,2,22.96931818181818
61,background,2,4,18.695500848896433
61,background,2,6,23.08017543859649
61,background,3,4,14.305263157894737
61,background,3,6,14.429561403508773
61,background,4,4,11.411969439728352
61,background,4,6,13.029385964912281
61,background,5,6,12.697456140350877
61,background,6,6,10.36069200779727
61,deviant,2,2,22.96931818181818
61,deviant,4,4,11.411969439728352
61,deviant,6,6,10.36069200779727
62,background,1,2,39.428333333333335
62,background,1,4,39.165
62,background,1,6,39.336666666666666
62,background,2,2,13.06
62,background,2,4,13.288333333333334
62,background,2,6,13.633333333333333
62,background,3,4,9.2283333333333335
62,background,3,6,9.71
62,background,4,4,7.2316666666666665
62,background,4,6,7.63
62,background,5,6,6.718333333333334
62,background,6,6,6.04
62,deviant,2,2,13.06
62,deviant,4,4,7.2316666666666665
62,deviant,6,6,6.04
63,background,1,2,66.26333333333334
63,background,1,4,70.055
63,background,1,6,70.265
63,background,2,2,21.025
63,background,2,4,23.833333333333332
63,background,2,6,20.528333333333332
63,background,3,4,15.841666666666667
63,background,3,6,14.713333333333333
63,background,4,4,12.068333333333333
63,background,4,6,12.096666666666668
63,background,5,6,10.983333333333333
63,background,6,6,9.843333333333334
63,deviant,2,2,21.025
63,deviant,4,4,12.068333333333333
63,deviant,6,6,9.843333333333334
64,background,1,2,38.57
64,background,1,4,39.745
64,background,1,6,40.895
64,background,2,2,13.123333333333333
64,background,2,4,14.116666666666667
64,background,2,6,13.003333333333334
64,background,3,4,9.785
64,background,3,6,9.125
64,background,4,4,7.7283333333333335
64,background,4,6,8.018333333333333
64,background,5,6,6.451666666666667
64,background,6,6,6.195
64,deviant,2,2,13.123333333333333
64,deviant,4,4,7.7283333333333335
64,deviant,6,6,6.195
65,background,1,2,66.79
65,background,1,4,71.54
65,background,1,6,71.45166666666667
65,background,2,2,19.553333333333335
65,background,2,4,22.135
65,background,2,6,20.655
65,background,3,4,15.356666666666667
65,background,3,6,14.818333333333333
65,background,4,4,12.381666666666666
65,background,4,6,11.683333333333334
65,background,5,6,10.433333333333334
65,background,6,6,9.2716666666666665
65,deviant,2,2,19.553333333333335
65,deviant,4,4,12.381666666666666
65,deviant,6,6,9.2716666666666665
66,background,1,2,32.6
66,background,1,4,31.173333333333332
66,background,1,6,30.476666666666667
66,background,2,2,13.333333333333334
66,background,2,4,10.603333333333333
66,background,2,6,12.176666666666666
66,background,3,4,7.755
66,background,3,6,8.9783333333333335
66,background,4,4,7.516666666666667
66,background,4,6,7.638333333333334
66,background,5,6,6.513333333333334
66,background,6,6,6.286666666666667
66,deviant,2,2,13.333333333333334
66,deviant,4,4,7.516666666666667
66,deviant,6,6,6.286666666666667
67,background,1,2,62.11333333333333
67,background,1,4,64.25333333333333
67,background,1,6,60.165
67,background,2,2,21.045
67,background,2,4,21.958333333333332
67,background,2,6,22.331666666666667
67,background,3,4,14.863771929824562
67,background,3,6,13.451666666666666
67,background,4,4,14.088508771929824
67,background,4,6,10.69
67,background,5,6,10.02140350877193
67,background,6,6,8.889298245614036
67,deviant,2,2,21.045
67,deviant,4,4,14.088508771929824
67,deviant,6,6,8.889298245614036
68,background,1,2,37.611666666666665
68,background,1,4,36.29833333333333
68,background,1,6,36.805
68,background,2,2,12.67
68,background,2,4,11.575
68,background,2,6,11.796666666666667
68,background,3,4,7.373333333333333
68,background,3,6,7.838333333333334
68,background,4,4,6.948333333333333
68,background,4,6,6.416666666666667
68,background,5,6,5.165
68,background,6,6,4.988333333333333
68,deviant,2,2,12.67
68,deviant,4,4,6.948333333333333
68,deviant,6,6,4.988333333333333
69,background,1,2,64.73
69,background,1,4,63.13666666666667
69,background,1,6,63.27333333333333
69,background,2,2,20.1325
69,background,2,4,18.293333333333333
69,background,2,6,17.946666666666665
69,background,3,4,12.733333333333333
69,background,3,6,11.923333333333334
69,background,4,4,10.94
69,background,4,6,9.893333333333333
69,background,5,6,8.915
69,background,6,6,7.868333333333333
69,deviant,2,2,20.1325
69,deviant,4,4,10.94
69,deviant,6,6,7.868333333333333
70,background,1,2,39.06
70,background,1,4,36.47833333333333
70,background,1,6,38.485
70,background,2,2,12.923333333333334
70,background,2,4,12.57
70,background,2,6,11.771666666666667
70,background,3,4,8.565
70,background,3,6,8.13
70,background,4,4,7.306666666666667
70,background,4,6,6.566666666666666
70,background,5,6,5.695
70,background,6,6,5.123333333333333
70,deviant,2,2,12.923333333333334
70,deviant,4,4,7.306666666666667
70,deviant,6,6,5.123333333333333
71,background,1,2,68.53166666666667
71,background,1,4,63.99166666666667
71,background,1,6,68.49333333333334
71,background,2,2,22.22
71,background,2,4,18.945
71,background,2,6,19.191666666666666
71,background,3,4,11.768333333333333
71,background,3,6,14.126666666666667
71,background,4,4,10.133333333333333
71,background,4,6,10.753333333333334
71,background,5,6,9.12
71,background,6,6,8.836666666666666
71,deviant,2,2,22.22
71,deviant,4,4,10.133333333333333
71,deviant,6,6,8.836666666666666
72,background,1,2,36.355
72,background,1,4,34.03333333333333
72,background,1,6,32.913333333333334
72,background,2,2,15.321666666666667
72,background,2,4,16.88
72,background,2,6,15.153333333333334
72,background,3,4,11.431666666666667
72,background,3,6,10.94
72,background,4,4,10.121666666666666
72,background,4,6,9.331666666666667
72,background,5,6,6.098333333333334
72,background,6,6,6.281666666666666
72,deviant,2,2,15.321666666666667
72,deviant,4,4,10.121666666666666
72,deviant,6,6,6.281666666666666
73,background,1,2,67.94333333333333
73,background,1,4,64.36333333333333
73,background,1,6,65.40166666666667
73,background,2,2,25.963333333333335
73,background,2,4,21.87
73,background,2,6,27.155
73,background,3,4,15.905
73,background,3,6,17.670701754385966
73,background,4,4,13.530964912280702
73,background,4,6,11.833859649122807
73,background,5,6,11.730175438596492
73,background,6,6,10.178441119137714
73,deviant,2,2,25.963333333333335
73,deviant,4,4,13.530964912280702
73,deviant,6,6,10.178441119137714
74,background,1,2,41.193333333333335
74,background,1,4,40.82
74,background,1,6,41.11
74,background,2,2,15.03
74,background,2,4,13.698333333333334
74,background,2,6,12.843333333333334
74,background,3,4,9.788333333333334
74,background,3,6,9.598333333333333
74,background,4,4,7.890000000000001
74,background,4,6,7.058333333333334
74,background,5,6,6.595
74,background,6,6,6.091666666666667
74,deviant,2,2,15.03
74,deviant,4,4,7.890000000000001
74,deviant,6,6,6.091666666666667
75,background,1,2,74.52
75,background,1,4,72.18833333333333
75,background,1,6,76.33833333333334
75,background,2,2,22.875
75,background,2,4,24.958333333333332
75,background,2,6,24.16
75,background,3,4,16.416666666666668
75,background,3,6,15.981666666666667
75,background,4,4,13.395
75,background,4,6,12.561666666666667
75,background,5,6,11.552719298245615
75,background,6,6,9.559473684210527
75,deviant,2,2,22.875
75,deviant,4,4,13.395
75,deviant,6,6,9.559473684210527
76,background,1,2,41.25
76,background,1,4,39.75
76,background,1,6,41.53333333333333
76,background,2,2,13.871666666666666
76,background,2,4,13.46
76,background,2,6,13.885
76,background,3,4,9.668333333333333
76,background,3,6,9.475
76,background,4,4,7.278333333333333
76,background,4,6,7.713333333333333
76,background,5,6,6.805
76,background,6,6,5.9399999999999995
76,deviant,2,2,13.871666666666666
76,deviant,4,4,7.278333333333333
76,deviant,6,6,5.9399999999999995
77,background,1,2,75.91666666666667
77,background,1,4,74.78833333333333
77,background,1,6,73.86833333333334
77,background,2,2,22.531666666666666
77,background,2,4,23.188333333333333
77,background,2,6,22.605
77,background,3,4,15.691666666666666
77,background,3,6,15.7
77,background,4,4,12.576666666666666
77,background,4,6,12.117807017543859
77,background,5,6,11.473859649122808
77,background,6,6,9.403421052631579
77,deviant,2,2,22.531666666666666
77,deviant,4,4,12.576666666666666
77,deviant,6,6,9.403421052631579
78,background,1,2,32.721666666666664
78,background,1,4,33.34
78,background,1,6,32.28
78,background,2,2,14.448333333333334
78,background,2,4,14.16
78,background,2,6,13.736666666666666
78,background,3,4,11.08
78,background,3,6,10.615
78,background,4,4,8.843333333333334
78,background,4,6,9.3533333333333335
78,background,5,6,8.695
78,background,6,6,7.17
78,deviant,2,2,14.448333333333334
78,deviant,4,4,8.843333333333334
78,deviant,6,6,7.17
79,background,1,2,66.58833333333334
79,background,1,4,63.431666666666665
79,background,1,6,62.79
79,background,2,2,24.855
79,background,2,4,24.305
79,background,2,6,20.675
79,background,3,4,18.005
79,background,3,6,13.568508771929825
79,background,4,4,11.97551656920078
79,background,4,6,10.755526315789474
79,background,5,6,11.418859649122806
79,background,6,6,8.81635477582846
79,deviant,2,2,24.855
79,deviant,4,4,11.97551656920078
79,deviant,6,6,8.81635477582846
80,background,1,2,38.92333333333333
80,background,1,4,40.14833333333333
80,background,1,6,41.49
80,background,2,2,12.341666666666667
80,background,2,4,12.33
80,background,2,6,14.015
80,background,3,4,9.285
80,background,3,6,9.561666666666667
80,background,4,4,7.1899999999999995
80,background,4,6,8.1033333333333335
80,background,5,6,6.776666666666666
80,background,6,6,6.37
80,deviant,2,2,12.341666666666667
80,deviant,4,4,7.1899999999999995
80,deviant,6,6,6.37
81,background,1,2,73.15
81,background,1,4,69
81,background,1,6,71.84
81,background,2,2,22.361666666666668
81,background,2,4,19.748333333333335
81,background,2,6,20.143333333333334
81,background,3,4,13.876666666666667
81,background,3,6,14.198333333333334
81,background,4,4,11.946666666666667
81,background,4,6,12.275
81,background,5,6,10.751666666666667
81,background,6,6,10.448333333333334
81,deviant,2,2,22.361666666666668
81,deviant,4,4,11.946666666666667
81,deviant,6,6,10.448333333333334
82,background,1,2,42.038333333333334
82,background,1,4,39.695
82,background,1,6,41.626666666666665
82,background,2,2,13.888333333333334
82,background,2,4,13.936666666666667
82,background,2,6,12.831666666666667
82,background,3,4,9.193333333333333
82,background,3,6,9.206666666666667
82,background,4,4,7.923333333333333
82,background,4,6,7.22
82,background,5,6,6.73
82,background,6,6,6.005
82,deviant,2,2,13.888333333333334
82,deviant,4,4,7.923333333333333
82,deviant,6,6,6.005
83,background,1,2,68.16666666666667
83,background,1,4,71.75166666666667
83,background,1,6,70.16
83,background,2,2,22.091666666666665
83,background,2,4,21.298333333333332
83,background,2,6,19.183333333333334
83,background,3,4,16.085
83,background,3,6,14.436666666666667
83,background,4,4,12.063333333333333
83,background,4,6,11.696666666666667
83,background,5,6,9.851666666666667
83,background,6,6,8.501666666666667
83,deviant,2,2,22.091666666666665
83,deviant,4,4,12.063333333333333
83,deviant,6,6,8.501666666666667
84,background,1,2,33.06
84,background,1,4,31.412068965517243
84,background,1,6,32.895
84,background,2,2,12.891666666666667
84,background,2,4,13.556896551724138
84,background,2,6,14.453333333333333
84,background,3,4,8.708620689655172
84,background,3,6,9.485
84,background,4,4,7.481034482758621
84,background,4,6,7.906666666666666
84,background,5,6,6.358333333333333
84,background,6,6,5.056666666666667
84,deviant,2,2,12.891666666666667
84,deviant,4,4,7.481034482758621
84,deviant,6,6,5.056666666666667
85,background,1,2,63.68666666666667
85,background,1,4,61.303333333333335
85,background,1,6,63.538333333333334
85,background,2,2,21.971666666666668
85,background,2,4,20.291666666666668
85,background,2,6,23.668333333333333
85,background,3,4,13.561315789473683
85,background,3,6,15.85
85,background,4,4,10.672982456140351
85,background,4,6,13.826666666666666
85,background,5,6,11.785263157894738
85,background,6,6,10.29701754385965
85,deviant,2,2,21.971666666666668
85,deviant,4,4,10.672982456140351
85,deviant,6,6,10.29701754385965
86,background,1,2,35.538333333333334
86,background,1,4,37.163333333333334
86,background,1,6,36.50666666666667
86,background,2,2,12.025
86,background,2,4,11.935
86,background,2,6,11.291666666666666
86,background,3,4,8.943333333333333
86,background,3,6,8.498333333333333
86,background,4,4,6.553333333333334
86,background,4,6,6.863333333333333
86,background,5,6,5.59
86,background,6,6,4.933333333333334
86,deviant,2,2,12.025
86,deviant,4,4,6.553333333333334
86,deviant,6,6,4.933333333333334
87,background,1,2,65.415
87,background,1,4,69.425
87,background,1,6,67.30666666666667
87,background,2,2,19.098333333333333
87,background,2,4,23.22833333333333
87,background,2,6,20.933333333333334
87,background,3,4,13.216666666666667
87,background,3,6,14.334999999999999
87,background,4,4,10.555
87,background,4,6,10.618333333333334
87,background,5,6,8.89
87,background,6,6,8.326666666666666
87,deviant,2,2,19.098333333333333
87,deviant,4,4,10.555
87,deviant,6,6,8.326666666666666
88,background,1,2,37.681666666666665
88,background,1,4,36.76833333333333
88,background,1,6,37.37833333333333
88,background,2,2,11.025
88,background,2,4,11.851666666666667
88,background,2,6,11.781666666666666
88,background,3,4,7.948333333333333
88,background,3,6,8.3966666666666665
88,background,4,4,6.328333333333333
88,background,4,6,6.705
88,background,5,6,5.501666666666667
88,background,6,6,5.636666666666667
88,deviant,2,2,11.025
88,deviant,4,4,6.328333333333333
88,deviant,6,6,5.636666666666667
89,background,1,2,68.5575
89,background,1,4,67.80483870967743
89,background,1,6,69.47833333333334
89,background,2,2,19.915
89,background,2,4,19.116129032258065
89,background,2,6,20.165
89,background,3,4,12.580645161290322
89,background,3,6,14.151666666666667
89,background,4,4,10.880645161290323
89,background,4,6,11.025
89,background,5,6,9.216666666666667
89,background,6,6,8.636666666666667
89,deviant,2,2,19.915
89,deviant,4,4,10.880645161290323
89,deviant,6,6,8.636666666666667
90,background,1,2,31.121666666666666
90,background,1,4,31.39666666666667
90,background,1,6,29.884999999999998
90,background,2,2,13.834824561403508
90,background,2,4,15.333333333333334
90,background,2,6,13.631666666666668
90,background,3,4,10.290000000000001
90,background,3,6,9.635
90,background,4,4,8.591666666666667
90,background,4,6,7.95
90,background,5,6,6.653333333333333
90,background,6,6,6.7528070175438595
90,deviant,2,2,13.834824561403508
90,deviant,4,4,8.591666666666667
90,deviant,6,6,6.7528070175438595
91,background,1,2,64.085
91,background,1,4,55.16833333333334
91,background,1,6,60.596666666666664
91,background,2,2,22.578333333333333
91,background,2,4,22.921666666666667
91,background,2,6,20.198947368421052
91,background,3,4,15.419649122807018
91,background,3,6,15.82157894736842
91,background,4,4,13.10078947368421
91,background,4,6,11.858947368421052
91,background,5,6,9.155263157894737
91,background,6,6,8.088538011695906
91,deviant,2,2,22.578333333333333
91,deviant,4,4,13.10078947368421
91,deviant,6,6,8.088538011695906
92,background,1,2,37.835
92,background,1,4,38.71212121212121
92,background,1,6,37.916666666666664
92,background,2,2,12.87375
92,background,2,4,12.35
92,background,2,6,13.495
92,background,3,4,9.18939393939394
92,background,3,6,10.54
92,background,4,4,7.566666666666666
92,background,4,6,7.931666666666667
92,background,5,6,6.821666666666666
92,background,6,6,5.883333333333334
92,deviant,2,2,12.87375
92,deviant,4,4,7.566666666666666
92,deviant,6,6,5.883333333333334
93,background,1,2,62.991379310344826
93,background,1,4,67.64833333333333
93,background,1,6,64.02333333333333
93,background,2,2,22.71206896551724
93,background,2,4,22.77166666666667
93,background,2,6,22.058333333333334
93,background,3,4,14.913333333333334
93,background,3,6,14.348333333333333
93,background,4,4,11.665
93,background,4,6,11.778333333333332
93,background,5,6,9.099561403508773
93,background,6,6,7.916228070175438
93,deviant,2,2,22.71206896551724
93,deviant,4,4,11.665
93,deviant,6,6,7.916228070175438
94,background,1,2,35.10333333333333
94,background,1,4,37.55
94,background,1,6,40.388333333333335
94,background,2,2,13.426666666666666
94,background,2,4,14.191379310344827
94,background,2,6,13.57
94,background,3,4,8.741379310344827
94,background,3,6,9.588333333333333
94,background,4,4,7.437931034482759
94,background,4,6,7.995
94,background,5,6,6.251666666666667
94,background,6,6,5.431666666666667
94,deviant,2,2,13.426666666666666
94,deviant,4,4,7.437931034482759
94,deviant,6,6,5.431666666666667
95,background,1,2,61.18666666666667
95,background,1,4,68.07833333333333
95,background,1,6,66.79333333333334
95,background,2,2,18.841666666666665
95,background,2,4,21.42
95,background,2,6,20.635
95,background,3,4,14.945
95,background,3,6,15.806666666666667
95,background,4,4,11.228333333333333
95,background,4,6,11.390877192982456
95,background,5,6,10.154473684210526
95,background,6,6,9.18078947368421
95,deviant,2,2,18.841666666666665
95,deviant,4,4,11.228333333333333
95,deviant,6,6,9.18078947368421
96,background,1,2,33.038333333333334
96,background,1,4,33.235
96,background,1,6,33.23833333333334
96,background,2,2,13.551666666666666
96,background,2,4,14.015
96,background,2,6,14.661666666666667
96,background,3,4,9.93
96,background,3,6,9.13
96,background,4,4,7.871666666666667
96,background,4,6,8.313333333333333
96,background,5,6,7.263333333333334
96,background,6,6,6.545
96,deviant,2,2,13.551666666666666
96,deviant,4,4,7.871666666666667
96,deviant,6,6,6.545
97,background,1,2,56.718333333333334
97,background,1,4,62.001666666666665
97,background,1,6,61.165
97,background,2,2,23.781140350877195
97,background,2,4,21.784385964912282
97,background,2,6,20.22157894736842
97,background,3,4,12.812368421052632
97,background,3,6,13.692368421052631
97,background,4,4,12.516842105263159
97,background,4,6,10.488333333333333
97,background,5,6,9.990350877192983
97,background,6,6,10.62763157894737
97,deviant,2,2,23.781140350877195
97,deviant,4,4,12.516842105263159
97,deviant,6,6,10.62763157894737
98,background,1,2,39.321666666666665
98,background,1,4,39.20166666666667
98,background,1,6,38.495
98,background,2,2,13.958333333333334
98,background,2,4,12.631666666666666
98,background,2,6,13.506666666666666
98,background,3,4,8.33
98,background,3,6,8.636666666666667
98,background,4,4,6.993333333333333
98,background,4,6,6.456666666666667
98,background,5,6,6.07
98,background,6,6,5.085
98,deviant,2,2,13.958333333333334
98,deviant,4,4,6.993333333333333
98,deviant,6,6,5.085
99,background,1,2,68.97833333333334
99,background,1,4,63.733333333333334
99,background,1,6,72.69666666666667
99,background,2,2,20.658333333333335
99,background,2,4,20.606666666666666
99,background,2,6,21.63
99,background,3,4,13.831666666666667
99,background,3,6,15.208333333333334
99,background,4,4,11.18
99,background,4,6,11.528333333333332
99,background,5,6,10.213333333333333
99,background,6,6,8.886666666666667
99,deviant,2,2,20.658333333333335
99,deviant,4,4,11.18
99,deviant,6,6,8.886666666666667
100,background,1,2,40.903333333333336
100,background,1,4,39.81666666666666
100,background,1,6,41.615
100,background,2,2,14.465
100,background,2,4,13.713333333333333
100,background,2,6,12.988333333333333
100,background,3,4,8.838333333333333
100,background,3,6,9.101666666666667
100,background,4,4,7.403333333333333
100,background,4,6,7.351666666666667
100,background,5,6,6.475
100,background,6,6,5.861666666666666
100,deviant,2,2,14.465
100,deviant,4,4,7.403333333333333
100,deviant,6,6,5.861666666666666
101,background,1,2,66.085
101,background,1,4,65.71166666666667
101,background,1,6,71.355
101,background,2,2,22.31
101,background,2,4,21.763333333333332
101,background,2,6,21.763333333333332
101,background,3,4,13.933333333333334
101,background,3,6,15.366666666666667
101,background,4,4,11.465
101,background,4,6,12.55
101,background,5,6,10.00578947368421
101,background,6,6,8.21561403508772
101,deviant,2,2,22.31
101,deviant,4,4,11.465
101,deviant,6,6,8.21561403508772
102,background,1,2,33.25
102,background,1,4,33.035
102,background,1,6,35.751666666666665
102,background,2,2,14.35
102,background,2,4,13.22
102,background,2,6,14.181666666666667
102,background,3,4,9.166666666666666
102,background,3,6,9.33
102,background,4,4,7.161666666666667
102,background,4,6,7.918333333333333
102,background,5,6,7.171666666666667
102,background,6,6,5.75
102,deviant,2,2,14.35
102,deviant,4,4,7.161666666666667
102,deviant,6,6,5.75
103,background,1,2,66.035
103,background,1,4,63.33375
103,background,1,6,62.295
103,background,2,2,23.34125
103,background,2,4,21.54
103,background,2,6,23.3275
103,background,3,4,16.8625
103,background,3,6,13.745000000000001
103,background,4,4,12.6375
103,background,4,6,13.15296052631579
103,background,5,6,10.673486842105262
103,background,6,6,9.46717105263158
103,deviant,2,2,23.34125
103,deviant,4,4,12.6375
103,deviant,6,6,9.46717105263158
104,background,1,2,39.84
104,background,1,4,39.108333333333334
104,background,1,6,38.68333333333333
104,background,2,2,13.306666666666667
104,background,2,4,12.966666666666667
104,background,2,6,13.005
104,background,3,4,9.121666666666666
104,background,3,6,9.525
104,background,4,4,6.89
104,background,4,6,7.641666666666667
104,background,5,6,6.6433333333333335
104,background,6,6,5.875
104,deviant,2,2,13.306666666666667
104,deviant,4,4,6.89
104,deviant,6,6,5.875
105,background,1,2,69.98166666666667
105,background,1,4,68.26333333333334
105,background,1,6,72.95833333333333
105,background,2,2,22.16166666666667
105,background,2,4,20.138333333333332
105,background,2,6,21.618333333333332
105,background,3,4,14.268333333333333
105,background,3,6,14.585
105,background,4,4,11.993333333333334
105,background,4,6,11.838333333333333
105,background,5,6,10.14
105,background,6,6,9.265
105,deviant,2,2,22.16166666666667
105,deviant,4,4,11.993333333333334
105,deviant,6,6,9.265
106,background,1,2,39.06666666666667
106,background,1,4,39.20333333333333
106,background,1,6,38.11833333333333
106,background,2,2,13.645
106,background,2,4,12.175
106,background,2,6,12.856666666666667
106,background,3,4,9.275
106,background,3,6,8.468333333333334
106,background,4,4,7.378333333333333
106,background,4,6,6.801666666666667
106,background,5,6,6.406666666666666
106,background,6,6,5.295
106,deviant,2,2,13.645
106,deviant,4,4,7.378333333333333
106,deviant,6,6,5.295
107,background,1,2,67.60333333333334
107,background,1,4,70.47666666666667
107,background,1,6,67.78166666666667
107,background,2,2,19.216666666666665
107,background,2,4,21.685
107,background,2,6,20.375
107,background,3,4,14.306666666666667
107,background,3,6,14.721666666666668
107,background,4,4,11.226666666666667
107,background,4,6,11.305
107,background,5,6,9.123333333333333
107,background,6,6,8.576666666666666
107,deviant,2,2,19.216666666666665
107,deviant,4,4,11.226666666666667
107,deviant,6,6,8.576666666666666
108,background,1,2,32.776666666666664
108,background,1,4,34.17333333333333
108,background,1,6,31.285
108,background,2,2,14.923333333333334
108,background,2,4,14.056666666666667
108,background,2,6,14.863333333333333
108,background,3,4,10.795
108,background,3,6,10.993333333333334
108,background,4,4,8.928333333333333
108,background,4,6,8.278333333333332
108,background,5,6,8.398333333333333
108,background,6,6,7.2
108,deviant,2,2,14.923333333333334
108,deviant,4,4,8.928333333333333
108,deviant,6,6,7.2
109,background,1,2,68.03833333333333
109,background,1,4,62.824999999999996
109,background,1,6,61.335
109,background,2,2,26.331666666666667
109,background,2,4,22.116666666666667
109,background,2,6,23.113333333333333
109,background,3,4,15.396666666666667
109,background,3,6,18.07574074074074
109,background,4,4,12.001228070175438
109,background,4,6,13.250146198830409
109,background,5,6,11.78122807017544
109,background,6,6,9.64162768031189
109,deviant,2,2,26.331666666666667
109,deviant,4,4,12.001228070175438
109,deviant,6,6,9.64162768031189
110,background,1,2,41.035000000000004
110,background,1,4,40.03
110,background,1,6,38.583333333333336
110,background,2,2,13.076666666666666
110,background,2,4,14.336666666666666
110,background,2,6,13.001666666666667
110,background,3,4,10.358333333333334
110,background,3,6,9.126666666666667
110,background,4,4,7.448333333333333
110,background,4,6,7.483333333333333
110,background,5,6,6.793333333333333
110,background,6,6,6.451666666666666
110,deviant,2,2,13.076666666666666
110,deviant,4,4,7.448333333333333
110,deviant,6,6,6.451666666666666
111,background,1,2,75.35
111,background,1,4,73.41666666666667
111,background,1,6,71.075
111,background,2,2,23.253333333333334
111,background,2,4,24.153333333333332
111,background,2,6,23.176666666666666
111,background,3,4,17.19
111,background,3,6,15.468333333333334
111,background,4,4,12.786666666666667
111,background,4,6,11.693596491228071
111,background,5,6,10.993947368421052
111,background,6,6,9.29938596491228
111,deviant,2,2,23.253333333333334
111,deviant,4,4,12.786666666666667
111,deviant,6,6,9.29938596491228
112,background,1,2,41.80394736842105
112,background,1,4,39.586666666666666
112,background,1,6,41.01833333333333
112,background,2,2,12.932894736842105
112,background,2,4,13.318333333333333
112,background,2,6,13.491666666666667
112,background,3,4,9.678333333333333
112,background,3,6,9.093333333333334
112,background,4,4,7.783333333333333
112,background,4,6,8.001666666666667
112,background,5,6,6.456666666666667
112,background,6,6,5.935
112,deviant,2,2,12.932894736842105
112,deviant,4,4,7.783333333333333
112,deviant,6,6,5.935
113,background,1,2,70.65333333333334
113,background,1,4,69.56833333333333
113,background,1,6,69.99
113,background,2,2,20.486666666666668
113,background,2,4,22.201666666666668
113,background,2,6,22.02166666666667
113,background,3,4,16.513333333333332
113,background,3,6,15.35
113,background,4,4,12.645
113,background,4,6,11.928333333333333
113,background,5,6,10.642280701754386
113,background,6,6,9.305877192982456
113,deviant,2,2,20.486666666666668
113,deviant,4,4,12.645
113,deviant,6,6,9.305877192982456
114,background,1,2,32.62
114,background,1,4,35.501666666666665
114,background,1,6,34.593333333333334
114,background,2,2,13.753333333333334
114,background,2,4,13.683333333333334
114,background,2,6,13.8
114,background,3,4,9.815
114,background,3,6,8.811666666666667
114,background,4,4,8.32
114,background,4,6,8.13
114,background,5,6,6.451666666666666
114,background,6,6,6.74
114,deviant,2,2,13.753333333333334
114,deviant,4,4,8.32
114,deviant,6,6,6.74
115,background,1,2,64.56
115,background,1,4,59.29333333333334
115,background,1,6,58.165
115,background,2,2,21.876666666666665
115,background,2,4,20.811666666666667
115,background,2,6,20.961666666666666
115,background,3,4,14.696666666666667
115,background,3,6,15.903333333333334
115,background,4,4,12.851666666666667
115,background,4,6,13.936666666666667
115,background,5,6,11.218333333333334
115,background,6,6,9.981491228070176
115,deviant,2,2,21.876666666666665
115,deviant,4,4,12.851666666666667
115,deviant,6,6,9.981491228070176
116,background,1,2,39.14333333333333
116,background,1,4,40.233333333333334
116,background,1,6,37.12833333333333
116,background,2,2,13.78
116,background,2,4,12.295
116,background,2,6,12.296666666666667
116,background,3,4,8.806666666666667
116,background,3,6,8.315
116,background,4,4,7.708333333333333
116,background,4,6,7.423333333333334
116,background,5,6,6.765
116,background,6,6,5.828333333333333
116,deviant,2,2,13.78
116,deviant,4,4,7.708333333333333
116,deviant,6,6,5.828333333333333
117,background,1,2,68.42666666666666
117,background,1,4,72.34333333333333
117,background,1,6,68.59166666666667
117,background,2,2,21.585
117,background,2,4,20.973333333333333
117,background,2,6,22.381666666666668
117,background,3,4,13.761666666666667
117,background,3,6,15.443333333333333
117,background,4,4,11.596666666666668
117,background,4,6,11.333333333333334
117,background,5,6,11.058333333333334
117,background,6,6,10.088333333333333
117,deviant,2,2,21.585
117,deviant,4,4,11.596666666666668
117,deviant,6,6,10.088333333333333
118,background,1,2,39.29
118,background,1,4,38.22
118,background,1,6,38.21
118,background,2,2,12.56
118,background,2,4,12.626666666666667
118,background,2,6,13.121666666666666
118,background,3,4,9.131666666666666
118,background,3,6,9.463333333333333
118,background,4,4,7.64
118,background,4,6,7.985
118,background,5,6,6.213333333333333
118,background,6,6,5.901666666666666
118,deviant,2,2,12.56
118,deviant,4,4,7.64
118,deviant,6,6,5.901666666666666
119,background,1,2,65.17666666666666
119,background,1,4,71.92
119,background,1,6,70.50166666666667
119,background,2,2,21.623333333333335
119,background,2,4,21.403333333333332
119,background,2,6,22.63
119,background,3,4,15.25
119,background,3,6,14.668333333333333
119,background,4,4,13.08
119,background,4,6,12.00438596491228
119,background,5,6,10.240438596491227
119,background,6,6,9.150614035087719
119,deviant,2,2,21.623333333333335
119,deviant,4,4,13.08
119,deviant,6,6,9.150614035087719
120,background,1,2,33.778333333333336
120,background,1,4,33.08
120,background,1,6,32.230000000000004
120,background,2,2,13.521666666666667
120,background,2,4,13.345
120,background,2,6,12.143333333333333
120,background,3,4,8.841666666666667
120,background,3,6,8.121666666666666
120,background,4,4,7.505
120,background,4,6,7.621666666666667
120,background,5,6,7.076666666666667
120,background,6,6,5.476666666666667
120,deviant,2,2,13.521666666666667
120,deviant,4,4,7.505
120,deviant,6,6,5.476666666666667
121,background,1,2,61.446666666666665
121,background,1,4,57.446666666666665
121,background,1,6,61.25
121,background,2,2,19.94
121,background,2,4,21.663333333333334
121,background,2,6,18.996666666666666
121,background,3,4,14.806666666666667
121,background,3,6,13.548333333333334
121,background,4,4,11.540000000000001
121,background,4,6,11.196666666666667
121,background,5,6,9.923333333333334
121,background,6,6,8.571666666666667
121,deviant,2,2,19.94
121,deviant,4,4,11.540000000000001
121,deviant,6,6,8.571666666666667
122,background,1,2,39.00666666666667
122,background,1,4,38.82
122,background,1,6,35.78
122,background,2,2,11.671666666666667
122,background,2,4,12.055
122,background,2,6,11.818333333333333
122,background,3,4,8.116666666666667
122,background,3,6,9.048333333333334
122,background,4,4,6.475
122,background,4,6,6.791666666666667
122,background,5,6,5.776666666666666
122,background,6,6,5.251666666666667
122,deviant,2,2,11.671666666666667
122,deviant,4,4,6.475
122,deviant,6,6,5.251666666666667
123,background,1,2,68.105
123,background,1,4,69.03166666666667
123,background,1,6,63.87
123,background,2,2,17.998333333333335
123,background,2,4,19.578333333333333
123,background,2,6,18.605
123,background,3,4,14.291666666666666
123,background,3,6,12.63
123,background,4,4,11.815
123,background,4,6,10.348333333333333
123,background,5,6,9.48
123,background,6,6,7.835
123,deviant,2,2,17.998333333333335
123,deviant,4,4,11.815
123,deviant,6,6,7.835
124,background,1,2,38.77166666666667
124,background,1,4,36.11
124,background,1,6,37.505
124,background,2,2,12.691666666666666
124,background,2,4,12.315
124,background,2,6,12.436666666666667
124,background,3,4,8.073333333333334
124,background,3,6,8.291666666666666
124,background,4,4,6.743333333333333
124,background,4,6,6.7716666666666665
124,background,5,6,5.6466666666666665
124,background,6,6,5.25
124,deviant,2,2,12.691666666666666
124,deviant,4,4,6.743333333333333
124,deviant,6,6,5.25
125,background,1,2,64.125
125,background,1,4,68.89
125,background,1,6,67.825
125,background,2,2,18.873333333333335
125,background,2,4,20.696666666666665
125,background,2,6,20.57
125,background,3,4,13.131666666666666
125,background,3,6,13.225
125,background,4,4,10.918333333333333
125,background,4,6,11.96
125,background,5,6,9.686666666666667
125,background,6,6,8.596666666666668
125,deviant,2,2,18.873333333333335
125,deviant,4,4,10.918333333333333
125,deviant,6,6,8.596666666666668
126,background,1,2,37.665
126,background,1,4,32.03333333333333
126,background,1,6,35.985
126,background,2,2,15.26
126,background,2,4,14.558333333333334
126,background,2,6,17.456666666666667
126,background,3,4,10.71
126,background,3,6,11.146666666666667
126,background,4,4,7.086666666666667
126,background,4,6,9.935
126,background,5,6,7.775
126,background,6,6,7.133333333333334
126,deviant,2,2,15.26
126,deviant,4,4,7.086666666666667
126,deviant,6,6,7.133333333333334
127,background,1,2,62.635
127,background,1,4,69.10333333333334
127,background,1,6,64.22833333333334
127,background,2,2,24.188333333333333
127,background,2,4,23.993947368421054
127,background,2,6,21.56
127,background,3,4,17.451052631578946
127,background,3,6,16.456754385964913
127,background,4,4,13.013508771929825
127,background,4,6,14.291754385964913
127,background,5,6,14.025
127,background,6,6,11.58938596491228
127,deviant,2,2,24.188333333333333
127,deviant,4,4,13.013508771929825
127,deviant,6,6,11.58938596491228
128,background,1,2,41.263333333333335
128,background,1,4,40.47666666666667
128,background,1,6,42.95166666666667
128,background,2,2,13.876666666666667
128,background,2,4,14.235
128,background,2,6,13.693333333333333
128,background,3,4,9.951666666666666
128,background,3,6,9.568333333333333
128,background,4,4,7.671666666666667
128,background,4,6,8.298333333333334
128,background,5,6,6.638333333333334
128,background,6,6,5.935
128,deviant,2,2,13.876666666666667
128,deviant,4,4,7.671666666666667
128,deviant,6,6,5.935
129,background,1,2,72.55166666666666
129,background,1,4,70.50166666666667
129,background,1,6,75.66833333333334
129,background,2,2,22.085
129,background,2,4,22.685
129,background,2,6,22.133333333333333
129,background,3,4,15.486666666666666
129,background,3,6,17.1
129,background,4,4,12.589298245614035
129,background,4,6,12.718333333333334
129,background,5,6,11.726666666666667
129,background,6,6,9.708333333333334
129,deviant,2,2,22.085
129,deviant,4,4,12.589298245614035
129,deviant,6,6,9.708333333333334
130,background,1,2,40.458333333333336
130,background,1,4,41.361666666666665
130,background,1,6,41.718333333333334
130,background,2,2,13.113333333333333
130,background,2,4,13.528333333333332
130,background,2,6,13.555
130,background,3,4,10.193333333333333
130,background,3,6,9.346666666666668
130,background,4,4,8.0216666666666665
130,background,4,6,7.953333333333333
130,background,5,6,6.925
130,background,6,6,6.111666666666666
130,deviant,2,2,13.113333333333333
130,deviant,4,4,8.0216666666666665
130,deviant,6,6,6.111666666666666
131,background,1,2,73.50166666666667
131,background,1,4,72.035
131,background,1,6,71.05833333333334
131,background,2,2,24.091666666666665
131,background,2,4,22.618333333333332
131,background,2,6,22.168333333333333
131,background,3,4,14.941666666666666
131,background,3,6,14.897894736842105
131,background,4,4,12.933333333333334
131,background,4,6,12.242543859649123
131,background,5,6,10.422719298245614
131,background,6,6,8.837631578947368
131,deviant,2,2,24.091666666666665
131,deviant,4,4,12.933333333333334
131,deviant,6,6,8.837631578947368
132,background,1,2,34.12833333333333
132,background,1,4,33.66
132,background,1,6,36.14833333333333
132,background,2,2,12.478333333333333
132,background,2,4,15.243333333333334
132,background,2,6,13.618333333333334
132,background,3,4,11.345
132,background,3,6,9.513333333333334
132,background,4,4,7.86
132,background,4,6,7.576666666666666
132,background,5,6,7.488333333333333
132,background,6,6,6.443333333333333
132,deviant,2,2,12.478333333333333
132,deviant,4,4,7.86
132,deviant,6,6,6.443333333333333
133,background,1,2,66.11333333333333
133,background,1,4,64.61833333333334
133,background,1,6,60.931666666666665
133,background,2,2,23.711666666666666
133,background,2,4,20.43166666666667
133,background,2,6,21.06
133,background,3,4,14.885
133,background,3,6,18.44
133,background,4,4,12.617807017543859
133,background,4,6,14.739736842105263
133,background,5,6,11.050701754385965
133,background,6,6,9.526013645224172
133,deviant,2,2,23.711666666666666
133,deviant,4,4,12.617807017543859
133,deviant,6,6,9.526013645224172
134,background,1,2,40.765
134,background,1,4,38.946666666666665
134,background,1,6,38.498333333333335
134,background,2,2,13.598333333333333
134,background,2,4,13.236666666666666
134,background,2,6,12.795
134,background,3,4,8.87
134,background,3,6,9.123333333333333
134,background,4,4,7.373333333333333
134,background,4,6,7.278333333333333
134,background,5,6,6.538333333333333
134,background,6,6,5.786666666666666
134,deviant,2,2,13.598333333333333
134,deviant,4,4,7.373333333333333
134,deviant,6,6,5.786666666666666
135,background,1,2,71.56833333333333
135,background,1,4,71.29333333333334
135,background,1,6,73.04
135,background,2,2,24.686666666666667
135,background,2,4,21.884999999999998
135,background,2,6,20.553333333333335
135,background,3,4,14.905
135,background,3,6,15.918333333333333
135,background,4,4,11.32
135,background,4,6,12.82
135,background,5,6,10.758333333333333
135,background,6,6,10.01
135,deviant,2,2,24.686666666666667
135,deviant,4,4,11.32
135,deviant,6,6,10.01
136,background,1,2,39.663333333333334
136,background,1,4,38.50833333333333
136,background,1,6,41.02
136,background,2,2,13.291666666666666
136,background,2,4,13.308333333333334
136,background,2,6,13.338333333333333
136,background,3,4,8.988333333333333
136,background,3,6,8.89
136,background,4,4,7.275
136,background,4,6,7.8133333333333335
136,background,5,6,6.343333333333334
136,background,6,6,6.15
136,deviant,2,2,13.291666666666666
136,deviant,4,4,7.275
136,deviant,6,6,6.15
137,background,1,2,67.40166666666667
137,background,1,4,71.11833333333334
137,background,1,6,72.05333333333333
137,background,2,2,20.538333333333334
137,background,2,4,20.294999999999998
137,background,2,6,22.141666666666666
137,background,3,4,13.126666666666667
137,background,3,6,14.425
137,background,4,4,11.946666666666667
137,background,4,6,12.773333333333333
137,background,5,6,9.343157894736843
137,background,6,6,9.462017543859648
137,deviant,2,2,20.538333333333334
137,deviant,4,4,11.946666666666667
137,deviant,6,6,9.462017543859648
138,background,1,2,29.958333333333332
138,background,1,4,32.336666666666666
138,background,1,6,28.633333333333333
138,background,2,2,12.315
138,background,2,4,13.318333333333333
138,background,2,6,9.743333333333334
138,background,3,4,10.151666666666667
138,background,3,6,8.601666666666667
138,background,4,4,7.52
138,background,4,6,6.701666666666666
138,background,5,6,5.446666666666666
138,background,6,6,5.566666666666666
138,deviant,2,2,12.315
138,deviant,4,4,7.52
138,deviant,6,6,5.566666666666666
139,background,1,2,57.16166666666667
139,background,1,4,62.95
139,background,1,6,60.126666666666665
139,background,2,2,17.725
139,background,2,4,21.755
139,background,2,6,21.488333333333333
139,background,3,4,15.368333333333334
139,background,3,6,14.711842105263157
139,background,4,4,10.544035087719298
139,background,4,6,11.090789473684211
139,background,5,6,10.393333333333333
139,background,6,6,9.533947368421053
139,deviant,2,2,17.725
139,deviant,4,4,10.544035087719298
139,deviant,6,6,9.533947368421053
140,background,1,2,36.15833333333333
140,background,1,4,37.49666666666667
140,background,1,6,38.06
140,background,2,2,11.753333333333334
140,background,2,4,12.398333333333333
140,background,2,6,11.9
140,background,3,4,7.83
140,background,3,6,8.593333333333334
140,background,4,4,6.378333333333333
140,background,4,6,6.398333333333333
140,background,5,6,5.876666666666667
140,background,6,6,5.318333333333333
140,deviant,2,2,11.753333333333334
140,deviant,4,4,6.378333333333333
140,deviant,6,6,5.318333333333333
141,background,1,2,64.26333333333334
141,background,1,4,62.605
141,background,1,6,68.19833333333334
141,background,2,2,19.361666666666668
141,background,2,4,19.586666666666666
141,background,2,6,18.606666666666666
141,background,3,4,12.338333333333333
141,background,3,6,13.128333333333334
141,background,4,4,10.143333333333333
141,background,4,6,10.785
141,background,5,6,9.068333333333333
141,background,6,6,8.233333333333334
141,deviant,2,2,19.361666666666668
141,deviant,4,4,10.143333333333333
141,deviant,6,6,8.233333333333334
142,background,1,2,37.38666666666666
142,background,1,4,36.50666666666667
142,background,1,6,38.651666666666664
142,background,2,2,11.49
142,background,2,4,11.556666666666667
142,background,2,6,12.733333333333333
142,background,3,4,8.246666666666666
142,background,3,6,8.955
142,background,4,4,6.82
142,background,4,6,6.583333333333333
142,background,5,6,5.623333333333333
142,background,6,6,4.865
142,deviant,2,2,11.49
142,deviant,4,4,6.82
142,deviant,6,6,4.865
143,background,1,2,67.815
143,background,1,4,67.03
143,background,1,6,65.47333333333333
143,background,2,2,20.895
143,background,2,4,20.475
143,background,2,6,19.41
143,background,3,4,15.526666666666667
143,background,3,6,14.133333333333333
143,background,4,4,11.02
143,background,4,6,10.26
143,background,5,6,9.065
143,background,6,6,8.348333333333333
143,deviant,2,2,20.895
143,deviant,4,4,11.02
143,deviant,6,6,8.348333333333333
144,background,1,2,32.06
144,background,1,4,33.44833333333333
144,background,1,6,31.741666666666667
144,background,2,2,12.755
144,background,2,4,13.845
144,background,2,6,13.89
144,background,3,4,11.136666666666667
144,background,3,6,9.863333333333333
144,background,4,4,9.548333333333334
144,background,4,6,8.196666666666667
144,background,5,6,7.778333333333333
144,background,6,6,7.0183333333333335
144,deviant,2,2,12.755
144,deviant,4,4,9.548333333333334
144,deviant,6,6,7.0183333333333335
145,background,1,2,59.33875
145,background,1,4,60.045
145,background,1,6,61.4225
145,background,2,2,23.81125
145,background,2,4,21.669605263157894
145,background,2,6,25.09
145,background,3,4,15.217960526315789
145,background,3,6,15.037434210526316
145,background,4,4,11.85796052631579
145,background,4,6,12.593815789473684
145,background,5,6,11.547828947368421
145,background,6,6,8.323881578947368
145,deviant,2,2,23.81125
145,deviant,4,4,11.85796052631579
145,deviant,6,6,8.323881578947368
146,background,1,2,37.92375
146,background,1,4,37.22435897435898
146,background,1,6,38.526666666666664
146,background,2,2,12.81625
146,background,2,4,12.828205128205129
146,background,2,6,12.518333333333333
146,background,3,4,8.798717948717949
146,background,3,6,9.53
146,background,4,4,7.51025641025641
146,background,4,6,7.641666666666667
146,background,5,6,6.355
146,background,6,6,5.891666666666667
146,deviant,2,2,12.81625
146,deviant,4,4,7.51025641025641
146,deviant,6,6,5.891666666666667
147,background,1,2,65.35
147,background,1,4,62.065
147,background,1,6,66.31666666666666
147,background,2,2,21.031666666666666
147,background,2,4,17.873333333333335
147,background,2,6,21.618333333333332
147,background,3,4,14.567280701754386
147,background,3,6,15.084999999999999
147,background,4,4,11.269473684210526
147,background,4,6,11.688333333333333
147,background,5,6,9.886754385964911
147,background,6,6,8.560964912280701
147,deviant,2,2,21.031666666666666
147,deviant,4,4,11.269473684210526
147,deviant,6,6,8.560964912280701
148,background,1,2,36.06166666666667
148,background,1,4,37.72
148,background,1,6,38.60666666666667
148,background,2,2,12.275
148,background,2,4,12.951666666666666
148,background,2,6,12.348333333333333
148,background,3,4,9.61
148,background,3,6,9.515
148,background,4,4,7.298333333333334
148,background,4,6,7.325
148,background,5,6,6.376666666666667
148,background,6,6,5.3149999999999995
148,deviant,2,2,12.275
148,deviant,4,4,7.298333333333334
148,deviant,6,6,5.3149999999999995
149,background,1,2,66.99166666666666
149,background,1,4,62.77333333333333
149,background,1,6,63.00833333333333
149,background,2,2,20.91
149,background,2,4,20.05
149,background,2,6,19.698333333333334
149,background,3,4,14.508333333333333
149,background,3,6,14.815
149,background,4,4,11.062807017543859
149,background,4,6,11.686666666666667
149,background,5,6,9.598508771929824
149,background,6,6,8.586491228070175
149,deviant,2,2,20.91
149,deviant,4,4,11.062807017543859
149,deviant,6,6,8.586491228070175
150,background,1,2,31.148333333333333
150,background,1,4,33.89
150,background,1,6,29.455
150,background,2,2,13.02
150,background,2,4,14.403333333333334
150,background,2,6,13.758333333333333
150,background,3,4,9.701666666666666
150,background,3,6,9.391666666666666
150,background,4,4,9.086666666666666
150,background,4,6,8.4783333333333335
150,background,5,6,6.181666666666667
150,background,6,6,6.87
150,deviant,2,2,13.02
150,deviant,4,4,9.086666666666666
150,deviant,6,6,6.87
151,background,1,2,62.29666666666667
151,background,1,4,60.026666666666664
151,background,1,6,62.58833333333333
151,background,2,2,20.571666666666665
151,background,2,4,23.10333333333333
151,background,2,6,21.737894736842104
151,background,3,4,16.53578947368421
151,background,3,6,17.02745614035088
151,background,4,4,12.377543859649123
151,background,4,6,12.755701754385965
151,background,5,6,9.564736842105264
151,background,6,6,9.666842105263157
151,deviant,2,2,20.571666666666665
151,deviant,4,4,12.377543859649123
151,deviant,6,6,9.666842105263157
152,background,1,2,37.94833333333333
152,background,1,4,40.31666666666667
152,background,1,6,37.589999999999996
152,background,2,2,12.778333333333332
152,background,2,4,12.378333333333334
152,background,2,6,12.936666666666667
152,background,3,4,9.791666666666666
152,background,3,6,8.983333333333333
152,background,4,4,7.8
152,background,4,6,7.098333333333334
152,background,5,6,6.098333333333334
152,background,6,6,5.516666666666667
152,deviant,2,2,12.778333333333332
152,deviant,4,4,7.8
152,deviant,6,6,5.516666666666667
153,background,1,2,68.775
153,background,1,4,71.68
153,background,1,6,68.00333333333333
153,background,2,2,21.653333333333332
153,background,2,4,22.861666666666665
153,background,2,6,19.746666666666666
153,background,3,4,15.268333333333333
153,background,3,6,14.603333333333333
153,background,4,4,11.806666666666667
153,background,4,6,12.322894736842105
153,background,5,6,9.55421052631579
153,background,6,6,8.34359649122807
153,deviant,2,2,21.653333333333332
153,deviant,4,4,11.806666666666667
153,deviant,6,6,8.34359649122807
154,background,1,2,37.88333333333333
154,background,1,4,40.32333333333333
154,background,1,6,38.205
154,background,2,2,13.026666666666667
154,background,2,4,11.398333333333333
154,background,2,6,13.761666666666667
154,background,3,4,9.348333333333333
154,background,3,6,9.113333333333333
154,background,4,4,7.733333333333333
154,background,4,6,6.793333333333333
154,background,5,6,5.931666666666667
154,background,6,6,5.651666666666666
154,deviant,2,2,13.026666666666667
154,deviant,4,4,7.733333333333333
154,deviant,6,6,5.651666666666666
155,background,1,2,64.12166666666667
155,background,1,4,70.69666666666667
155,background,1,6,68.42666666666666
155,background,2,2,19.928333333333335
155,background,2,4,23.1
155,background,2,6,21.60333333333333
155,background,3,4,15.533333333333333
155,background,3,6,14.4
155,background,4,4,11.28
155,background,4,6,11.311666666666667
155,background,5,6,9.343333333333334
155,background,6,6,8.64640350877193
155,deviant,2,2,19.928333333333335
155,deviant,4,4,11.28
155,deviant,6,6,8.64640350877193
156,background,1,2,30.331666666666667
156,background,1,4,34.60333333333333
156,background,1,6,32.22833333333333
156,background,2,2,12.248333333333333
156,background,2,4,12.821666666666667
156,background,2,6,12.07
156,background,3,4,9.211666666666666
156,background,3,6,9.445
156,background,4,4,6.91
156,background,4,6,7.03
156,background,5,6,6.11
156,background,6,6,5.826666666666667
156,deviant,2,2,12.248333333333333
156,deviant,4,4,6.91
156,deviant,6,6,5.826666666666667
157,background,1,2,61.96333333333333
157,background,1,4,61.68666666666667
157,background,1,6,60.28
157,background,2,2,23.525
157,background,2,4,22.626666666666665
157,background,2,6,20.7
157,background,3,4,15.783333333333333
157,background,3,6,16.4
157,background,4,4,13.324912280701755
157,background,4,6,13.016666666666667
157,background,5,6,10.506666666666666
157,background,6,6,9.533333333333333
157,deviant,2,2,23.525
157,deviant,4,4,13.324912280701755
157,deviant,6,6,9.533333333333333
158,background,1,2,37.55
158,background,1,4,39.77333333333333
158,background,1,6,38.586666666666666
158,background,2,2,12.471666666666666
158,background,2,4,11.588333333333333
158,background,2,6,13.06
158,background,3,4,8.025
158,background,3,6,9.086666666666666
158,background,4,4,7.108333333333333
158,background,4,6,7.306666666666667
158,background,5,6,6.358333333333333
158,background,6,6,5.47
158,deviant,2,2,12.471666666666666
158,deviant,4,4,7.108333333333333
158,deviant,6,6,5.47
159,background,1,2,72.095
159,background,1,4,70.64833333333334
159,background,1,6,69.95166666666667
159,background,2,2,21.02
159,background,2,4,21.656666666666666
159,background,2,6,20.803333333333335
159,background,3,4,13.021666666666667
159,background,3,6,14.446666666666667
159,background,4,4,11.471666666666668
159,background,4,6,11.22
159,background,5,6,10.035
159,background,6,6,8.685
159,deviant,2,2,21.02
159,deviant,4,4,11.471666666666668
159,deviant,6,6,8.685
160,background,1,2,40.721666666666664
160,background,1,4,38.205
160,background,1,6,39.24666666666667
160,background,2,2,12.36
160,background,2,4,11.915
160,background,2,6,13.176666666666666
160,background,3,4,8.26
160,background,3,6,8.931666666666667
160,background,4,4,6.55
160,background,4,6,6.891666666666667
160,background,5,6,6.301666666666667
160,background,6,6,5.226666666666667
160,deviant,2,2,12.36
160,deviant,4,4,6.55
160,deviant,6,6,5.226666666666667
161,background,1,2,69.44500000000001
161,background,1,4,70.43666666666667
161,background,1,6,69.89166666666667
161,background,2,2,19.428333333333335
161,background,2,4,19.84964912280702
161,background,2,6,22.708333333333332
161,background,3,4,13.55780701754386
161,background,3,6,15.09
161,background,4,4,11.01859649122807
161,background,4,6,11.578333333333333
161,background,5,6,10.653333333333332
161,background,6,6,8.83
161,deviant,2,2,19.428333333333335
161,deviant,4,4,11.01859649122807
161,deviant,6,6,8.83
